model,cue_display,r01,r02,r03,rep_sd,rep_range
llama,Democrat (label),0.1849211688367045,0.16965429089362627,0.17864369182016238,0.007673478229591321,0.015266877943078239
llama,Republican (label),-0.263516420744961,-0.273166898817815,-0.26615328671151,0.004987911118191781,0.009650478072853963
llama,Independent (label),0.02123593534697743,0.01001561378476401,0.020547598302347092,0.006288774678280494,0.01122032156221342
llama,Black woman (label),0.20867667408098745,0.1976441127765779,0.20317408294066974,0.00551628631431213,0.01103256130440955
llama,Black man (label),0.1555277843831352,0.12981626909686306,0.15116638601097887,0.013759428926638317,0.025711515286272135
llama,White woman (label),0.09269356597600875,0.08956519605864699,0.08533042846768335,0.003695396885672733,0.007363137508325401
llama,White man (label),0.037224307440000604,0.02439897147489478,0.03565954805694882,0.006996883824305757,0.012825335965105822
llama,Blue state,0.03527350903734372,0.02435273704623553,0.030680331691558704,0.005483292700059098,0.010920771991108191
llama,Red state,-0.016353099944431237,-0.03528172841742905,-0.0021537276927258153,0.01662016636613095,0.03312800072470323
llama,Swing state,-0.005795030562832482,-0.00732147109856085,0.01680218646162923,0.013508732311860682,0.02412365756019008
llama,“Black-female” name,0.01017649864843373,0.014057079157803742,0.032794221202553264,0.012094770017311548,0.022617722554119535
llama,“Black-male” name,-0.019369691196316596,-0.011185342875260407,-0.009683848174653509,0.005213022137184044,0.009685843021663088
llama,“White-female” name,-0.004929241532835138,0.02223383231492637,0.031885142721056026,0.019088736912149535,0.036814384253891164
llama,“White-male” name,-0.0040608328688590545,-0.005813175472618171,-0.011855430431281788,0.004089321474820543,0.007794597562422734
gemma,Democrat (label),0.33158487835545586,0.3362988268507645,0.3268701462457266,0.004714340307946126,0.009428680605037931
gemma,Republican (label),-0.8499033249113317,-0.8509969989205604,-0.8437287648250538,0.003918939949454937,0.007268234095506587
gemma,Independent (label),-0.061155593513872564,-0.06805689002763843,-0.06659627843666904,0.0036369018917144285,0.006901296513765864
gemma,Black woman (label),0.21107671138630896,0.20127160362027452,0.2030951916177774,0.0052148868524581555,0.009805107766034438
gemma,Black man (label),0.16497870775654483,0.14573621342063747,0.14901170704427463,0.010295205668105514,0.019242494335907356
gemma,White woman (label),-0.02921366973891798,-0.04083365953762025,-0.04445471763812098,0.00796268135068151,0.015241047899202997
gemma,White man (label),-0.09600132854109583,-0.07967213503671283,-0.08655998079601573,0.008197804858121674,0.016329193504383
gemma,Blue state,-0.013533834586466176,-0.024060150375939837,0.001503759398496285,0.012848125932808336,0.025563909774436122
gemma,Red state,-0.12481203007518793,-0.09774436090225563,-0.09323308270676689,0.01707942359639179,0.03157894736842104
gemma,Swing state,-0.0736842105263158,-0.06917293233082705,-0.057142857142857106,0.008550737899364422,0.01654135338345869
gemma,“Black-female” name,-0.025563909774436067,-0.048120300751879674,-0.028571428571428525,0.01224741024849185,0.022556390977443608
gemma,“Black-male” name,-0.05864661654135339,-0.048120300751879674,-0.028571428571428525,0.01526149107532667,0.030075187969924866
gemma,“White-female” name,-0.045112781954887216,-0.016541353383458635,-0.024060150375939837,0.014810312483903921,0.02857142857142858
gemma,“White-male” name,-0.07218045112781951,-0.06616541353383454,-0.05112781954887213,0.010843763234478167,0.02105263157894738
qwen,Democrat (label),0.10816696914700541,0.10961887477313981,0.09292196007259523,0.009249371979971674,0.016696914700544574
qwen,Republican (label),-0.8602540834845736,-0.8490018148820326,-0.8704174228675137,0.010712417105897473,0.021415607985481033
qwen,Independent (label),-0.0856624319419238,-0.08873876901705091,-0.08384754990925591,0.0024725719050131194,0.004891219107794997
qwen,Black woman (label),0.09909255898366609,0.09183303085299455,0.07622504537205077,0.011684984226424777,0.02286751361161532
qwen,Black man (label),0.03725977855012408,0.04464609800362973,0.02323049001814881,0.010878165571229087,0.021415607985480922
qwen,White woman (label),-0.027586206896551668,-0.02722323049001818,-0.04174228675136116,0.0082797880754631,0.014519056261342977
qwen,White man (label),-0.08130671506352083,-0.08784029038112517,-0.10018148820326678,0.009585143288730016,0.01887477313974595
qwen,Blue state,-0.02857142857142847,-0.046616541353383445,-0.03308270676691727,0.009390974433681839,0.018045112781954975
qwen,Red state,-0.06466165413533831,-0.08721804511278197,-0.08120300751879694,0.011680381150607584,0.022556390977443663
qwen,Swing state,-0.02857142857142847,-0.05263157894736836,-0.06015037593984962,0.016495721976846497,0.03157894736842115
qwen,“Black-female” name,-0.03007518796992481,-0.022556390977443552,-0.015037593984962405,0.007518796992481203,0.015037593984962405
qwen,“Black-male” name,-0.02857142857142847,-0.03759398496240596,-0.015037593984962405,0.011353134489128915,0.022556390977443552
qwen,“White-female” name,-0.021052631578947323,0.006015037593985029,-0.018045112781954864,0.014835737931778205,0.02706766917293235
qwen,“White-male” name,-0.0345864661654135,-0.0345864661654135,-0.02706766917293235,0.004340979467591139,0.007518796992481147
