model,cue_family,cue_group,cue_display,refusal_rate_cue,refusal_rate_base,delta_observed,delta_zero_coded,delta_manski_lo,delta_manski_hi,sign_robust
llama,explicit_political,democrat,Democrat (label),0.015970961887477313,0.0,0.18668341187110926,0.17785843920145195,0.16188747731397457,0.1938294010889292,True
llama,explicit_political,republican,Republican (label),0.033393829401088926,0.0,-0.25660496431231783,-0.26025408348457346,-0.2936479128856624,-0.22686025408348456,True
llama,explicit_political,independent,Independent (label),0.006533575317604356,0.0,0.013732496865233923,0.01125226860254086,0.004718693284936515,0.017785843920145206,True
llama,explicit_demographic,black_woman,Black woman (label),0.01705989110707804,0.0,0.15147576448889766,0.14264972776769513,0.12558983666061707,0.1597096188747732,True
llama,explicit_demographic,black_man,Black man (label),0.022867513611615244,0.0,0.09771562173867321,0.08711433756805809,0.06424682395644288,0.10998185117967335,True
llama,explicit_demographic,white_woman,White woman (label),0.012341197822141561,0.0,0.03948545659857361,0.03448275862068967,0.02214156079854812,0.046823956442831216,True
llama,explicit_demographic,white_man,White man (label),0.015970961887477313,0.0,-0.008078668542022438,-0.013793103448275834,-0.029764065335753154,0.0021778584392014855,False
llama,implicit_political,blue_state,Blue state,0.042105263157894736,0.0,0.04531107989754607,0.02706766917293235,-0.015037593984962405,0.06917293233082705,False
llama,implicit_political,red_state,Red state,0.039097744360902256,0.0,-0.0076882346711850125,-0.022556390977443608,-0.06165413533834585,0.016541353383458635,False
llama,implicit_political,swing_state,Swing state,0.02406015037593985,0.0,0.009564743909079299,0.0,-0.024060150375939837,0.024060150375939837,False
llama,implicit_demographic,black_woman,“Black-female” name,0.04360902255639098,0.0,0.0003948550621837854,-0.016541353383458635,-0.06015037593984962,0.02706766917293235,False
llama,implicit_demographic,black_man,“Black-male” name,0.045112781954887216,0.0,-0.01001716890651827,-0.02706766917293235,-0.07218045112781957,0.018045112781954864,False
llama,implicit_demographic,white_woman,“White-female” name,0.04962406015037594,0.0,-0.0034762539259541314,-0.022556390977443608,-0.07218045112781957,0.02706766917293235,False
llama,implicit_demographic,white_man,“White-male” name,0.03458646616541353,0.0,-0.012580516712341616,-0.025563909774436067,-0.06015037593984962,0.009022556390977432,False
gemma,explicit_political,democrat,Democrat (label),0.0,0.0,0.39274047186932853,0.39274047186932853,0.39274047186932853,0.39274047186932853,True
gemma,explicit_political,republican,Republican (label),0.0,0.0,-0.5390199637023594,-0.5390199637023594,-0.5390199637023594,-0.5390199637023594,True
gemma,explicit_political,independent,Independent (label),0.0,0.0,-0.09836660617059889,-0.09836660617059889,-0.09836660617059889,-0.09836660617059889,True
gemma,explicit_demographic,black_woman,Black woman (label),0.0,0.0,0.15208711433756805,0.15208711433756805,0.15208711433756805,0.15208711433756805,True
gemma,explicit_demographic,black_man,Black man (label),0.0,0.0,0.0911070780399274,0.0911070780399274,0.0911070780399274,0.0911070780399274,True
gemma,explicit_demographic,white_woman,White woman (label),0.0,0.0,-0.06315789473684208,-0.06315789473684208,-0.06315789473684208,-0.06315789473684208,True
gemma,explicit_demographic,white_man,White man (label),0.0,0.0,-0.10490018148820324,-0.10490018148820324,-0.10490018148820324,-0.10490018148820324,True
gemma,implicit_political,blue_state,Blue state,0.0,0.0,0.025563909774436067,0.025563909774436067,0.025563909774436067,0.025563909774436067,True
gemma,implicit_political,red_state,Red state,0.0,0.0,-0.04962406015037596,-0.04962406015037596,-0.04962406015037596,-0.04962406015037596,True
gemma,implicit_political,swing_state,Swing state,0.0,0.0,-0.043609022556390986,-0.043609022556390986,-0.043609022556390986,-0.043609022556390986,True
gemma,implicit_demographic,black_woman,“Black-female” name,0.0,0.0,-0.0030075187969925143,-0.0030075187969925143,-0.0030075187969925143,-0.0030075187969925143,True
gemma,implicit_demographic,black_man,“Black-male” name,0.0,0.0,-0.015037593984962405,-0.015037593984962405,-0.015037593984962405,-0.015037593984962405,True
gemma,implicit_demographic,white_woman,“White-female” name,0.0,0.0,0.009022556390977432,0.009022556390977432,0.009022556390977432,0.009022556390977432,True
gemma,implicit_demographic,white_man,“White-male” name,0.0,0.0,-0.045112781954887216,-0.045112781954887216,-0.045112781954887216,-0.045112781954887216,True
qwen,explicit_political,democrat,Democrat (label),0.0,0.0,0.13466424682395645,0.13466424682395645,0.13466424682395645,0.13466424682395645,True
qwen,explicit_political,republican,Republican (label),0.0,0.0,-0.6402903811252268,-0.6402903811252268,-0.6402903811252268,-0.6402903811252268,True
qwen,explicit_political,independent,Independent (label),0.0,0.0,-0.0798548094373866,-0.0798548094373866,-0.0798548094373866,-0.0798548094373866,True
qwen,explicit_demographic,black_woman,Black woman (label),0.0,0.0,0.09582577132486386,0.09582577132486386,0.09582577132486386,0.09582577132486386,True
qwen,explicit_demographic,black_man,Black man (label),0.0,0.0,0.035208711433756756,0.035208711433756756,0.035208711433756756,0.035208711433756756,True
qwen,explicit_demographic,white_woman,White woman (label),0.0,0.0,-0.02468239564428315,-0.02468239564428315,-0.02468239564428315,-0.02468239564428315,True
qwen,explicit_demographic,white_man,White man (label),0.0,0.0,-0.07622504537205083,-0.07622504537205083,-0.07622504537205083,-0.07622504537205083,True
qwen,implicit_political,blue_state,Blue state,0.0,0.0,-0.03157894736842104,-0.03157894736842104,-0.03157894736842104,-0.03157894736842104,True
qwen,implicit_political,red_state,Red state,0.0,0.0,-0.06315789473684214,-0.06315789473684214,-0.06315789473684214,-0.06315789473684214,True
qwen,implicit_political,swing_state,Swing state,0.0,0.0,-0.07067669172932334,-0.07067669172932334,-0.07067669172932334,-0.07067669172932334,True
qwen,implicit_demographic,black_woman,“Black-female” name,0.0,0.0,0.007518796992481203,0.007518796992481203,0.007518796992481203,0.007518796992481203,True
qwen,implicit_demographic,black_man,“Black-male” name,0.0,0.0,-0.009022556390977432,-0.009022556390977432,-0.009022556390977432,-0.009022556390977432,True
qwen,implicit_demographic,white_woman,“White-female” name,0.0,0.0,0.0,0.0,0.0,0.0,False
qwen,implicit_demographic,white_man,“White-male” name,0.0,0.0,-0.03007518796992481,-0.03007518796992481,-0.03007518796992481,-0.03007518796992481,True
