source,race,gender,subgroup,name
rosenman,black,man,black_man,Alfonza
rosenman,black,man,black_man,Antron
rosenman,black,man,black_man,Antwain
rosenman,black,man,black_man,Antwaun
rosenman,black,man,black_man,Antwoine
rosenman,black,man,black_man,Antwone
rosenman,black,man,black_man,Bakari
rosenman,black,man,black_man,Davonta
rosenman,black,man,black_man,Davontae
rosenman,black,man,black_man,Demarion
rosenman,black,man,black_man,Deontay
rosenman,black,man,black_man,Dontrell
rosenman,black,man,black_man,Ibrahima
rosenman,black,man,black_man,Jacorey
rosenman,black,man,black_man,Jadarius
rosenman,black,man,black_man,Jakeem
rosenman,black,man,black_man,Jakhi
rosenman,black,man,black_man,Jamarcus
rosenman,black,man,black_man,Jamario
rosenman,black,man,black_man,Jamarion
rosenman,black,man,black_man,Jamarius
rosenman,black,man,black_man,Jamichael
rosenman,black,man,black_man,Javaris
rosenman,black,man,black_man,Kadarius
rosenman,black,man,black_man,Kendarius
rosenman,black,man,black_man,Kesean
rosenman,black,man,black_man,Ladarius
rosenman,black,man,black_man,Mamadou
rosenman,black,man,black_man,Marquell
rosenman,black,man,black_man,Marquese
rosenman,black,man,black_man,Martavious
rosenman,black,man,black_man,Omarion
rosenman,black,man,black_man,Raquan
rosenman,black,man,black_man,Rayquan
rosenman,black,man,black_man,Rayshaun
rosenman,black,man,black_man,Rosevelt
rosenman,black,man,black_man,Taquan
rosenman,black,man,black_man,Tavares
rosenman,black,man,black_man,Tavaris
rosenman,black,man,black_man,Tayshawn
rosenman,black,man,black_man,Tayvion
rosenman,black,man,black_man,Tayvon
rosenman,black,man,black_man,Tyjuan
rosenman,black,man,black_man,Tymir
rosenman,black,man,black_man,Tyquan
rosenman,black,man,black_man,Tyreek
rosenman,black,man,black_man,Tyrek
rosenman,black,man,black_man,Tywan
rosenman,black,man,black_man,Uzziah
rosenman,black,man,black_man,Xzavion
rosenman,black,woman,black_woman,Alaiyah
rosenman,black,woman,black_woman,Albertha
rosenman,black,woman,black_woman,Amyiah
rosenman,black,woman,black_woman,Breasia
rosenman,black,woman,black_woman,Damiyah
rosenman,black,woman,black_woman,Fatou
rosenman,black,woman,black_woman,Jabria
rosenman,black,woman,black_woman,Jakyra
rosenman,black,woman,black_woman,Jalayah
rosenman,black,woman,black_woman,Jameka
rosenman,black,woman,black_woman,Jamesha
rosenman,black,woman,black_woman,Jamiya
rosenman,black,woman,black_woman,Jamya
rosenman,black,woman,black_woman,Jamyah
rosenman,black,woman,black_woman,Jamyra
rosenman,black,woman,black_woman,Janasia
rosenman,black,woman,black_woman,Janyah
rosenman,black,woman,black_woman,Janyla
rosenman,black,woman,black_woman,Kamesha
rosenman,black,woman,black_woman,Kamiya
rosenman,black,woman,black_woman,Kaneisha
rosenman,black,woman,black_woman,Kaniya
rosenman,black,woman,black_woman,Lakendra
rosenman,black,woman,black_woman,Lakenya
rosenman,black,woman,black_woman,Lakia
rosenman,black,woman,black_woman,Laniya
rosenman,black,woman,black_woman,Laquanda
rosenman,black,woman,black_woman,Lashunda
rosenman,black,woman,black_woman,Latarsha
rosenman,black,woman,black_woman,Myeisha
rosenman,black,woman,black_woman,Quanisha
rosenman,black,woman,black_woman,Roshanda
rosenman,black,woman,black_woman,Shakita
rosenman,black,woman,black_woman,Shameka
rosenman,black,woman,black_woman,Shamia
rosenman,black,woman,black_woman,Shaquana
rosenman,black,woman,black_woman,Sharhonda
rosenman,black,woman,black_woman,Shawanda
rosenman,black,woman,black_woman,Shemeka
rosenman,black,woman,black_woman,Shemika
rosenman,black,woman,black_woman,Shenita
rosenman,black,woman,black_woman,Sheronda
rosenman,black,woman,black_woman,Takia
rosenman,black,woman,black_woman,Tamekia
rosenman,black,woman,black_woman,Taniyah
rosenman,black,woman,black_woman,Temeka
rosenman,black,woman,black_woman,Tkeyah
rosenman,black,woman,black_woman,Tyeisha
rosenman,black,woman,black_woman,Tyeshia
rosenman,black,woman,black_woman,Tyonna
rosenman,white,man,white_man,Arvil
rosenman,white,man,white_man,Avrohom
rosenman,white,man,white_man,Axle
rosenman,white,man,white_man,Binyomin
rosenman,white,man,white_man,Boruch
rosenman,white,man,white_man,Bridger
rosenman,white,man,white_man,Broden
rosenman,white,man,white_man,Brodey
rosenman,white,man,white_man,Brody
rosenman,white,man,white_man,Bucky
rosenman,white,man,white_man,Cade
rosenman,white,man,white_man,Cayde
rosenman,white,man,white_man,Coen
rosenman,white,man,white_man,Coleson
rosenman,white,man,white_man,Colt
rosenman,white,man,white_man,Colten
rosenman,white,man,white_man,Colter
rosenman,white,man,white_man,Conor
rosenman,white,man,white_man,Crew
rosenman,white,man,white_man,Cru
rosenman,white,man,white_man,Daxon
rosenman,white,man,white_man,Deagan
rosenman,white,man,white_man,Dusten
rosenman,white,man,white_man,Dutton
rosenman,white,man,white_man,Gatlin
rosenman,white,man,white_man,Grayden
rosenman,white,man,white_man,Jakeb
rosenman,white,man,white_man,Jeb
rosenman,white,man,white_man,Jhett
rosenman,white,man,white_man,Kacper
rosenman,white,man,white_man,Kolten
rosenman,white,man,white_man,Kolter
rosenman,white,man,white_man,Lochlan
rosenman,white,man,white_man,Menno
rosenman,white,man,white_man,Nels
rosenman,white,man,white_man,Niklas
rosenman,white,man,white_man,Pasquale
rosenman,white,man,white_man,Patryk
rosenman,white,man,white_man,Pieter
rosenman,white,man,white_man,Riaan
rosenman,white,man,white_man,Riker
rosenman,white,man,white_man,Robb
rosenman,white,man,white_man,Scot
rosenman,white,man,white_man,Scott
rosenman,white,man,white_man,Stryker
rosenman,white,man,white_man,Truett
rosenman,white,man,white_man,Tucker
rosenman,white,man,white_man,Vasilios
rosenman,white,man,white_man,Yitzchok
rosenman,white,man,white_man,Zakkary
rosenman,white,woman,white_woman,Aoife
rosenman,white,woman,white_woman,Baila
rosenman,white,woman,white_woman,Barb
rosenman,white,woman,white_woman,Beth
rosenman,white,woman,white_woman,Blakelee
rosenman,white,woman,white_woman,Bobbijo
rosenman,white,woman,white_woman,Brilee
rosenman,white,woman,white_woman,Bryleigh
rosenman,white,woman,white_woman,Brylie
rosenman,white,woman,white_woman,Brynley
rosenman,white,woman,white_woman,Calleigh
rosenman,white,woman,white_woman,Cayleigh
rosenman,white,woman,white_woman,Chloey
rosenman,white,woman,white_woman,Dusti
rosenman,white,woman,white_woman,Emaleigh
rosenman,white,woman,white_woman,Emileigh
rosenman,white,woman,white_woman,Emmaleigh
rosenman,white,woman,white_woman,Gittel
rosenman,white,woman,white_woman,Gwenyth
rosenman,white,woman,white_woman,Hadlee
rosenman,white,woman,white_woman,Hadleigh
rosenman,white,woman,white_woman,Harli
rosenman,white,woman,white_woman,Irelyn
rosenman,white,woman,white_woman,Jayleigh
rosenman,white,woman,white_woman,Kalliope
rosenman,white,woman,white_woman,Karalee
rosenman,white,woman,white_woman,Kinlee
rosenman,white,woman,white_woman,Kinsleigh
rosenman,white,woman,white_woman,Kloie
rosenman,white,woman,white_woman,Kynlee
rosenman,white,woman,white_woman,Lyndsie
rosenman,white,woman,white_woman,Lynlee
rosenman,white,woman,white_woman,Lynnlee
rosenman,white,woman,white_woman,Maddilyn
rosenman,white,woman,white_woman,Mairead
rosenman,white,woman,white_woman,Mariellen
rosenman,white,woman,white_woman,Maycie
rosenman,white,woman,white_woman,Merrilee
rosenman,white,woman,white_woman,Michaelene
rosenman,white,woman,white_woman,Molli
rosenman,white,woman,white_woman,Niamh
rosenman,white,woman,white_woman,Oakleigh
rosenman,white,woman,white_woman,Raelee
rosenman,white,woman,white_woman,Raeleigh
rosenman,white,woman,white_woman,Rivky
rosenman,white,woman,white_woman,Rylea
rosenman,white,woman,white_woman,Suellen
rosenman,white,woman,white_woman,Tinley
rosenman,white,woman,white_woman,Tzipora
rosenman,white,woman,white_woman,Yehudis
elder_hayes,black,man,black_man,Abdul
elder_hayes,black,man,black_man,Ahmad
elder_hayes,black,man,black_man,Andre
elder_hayes,black,man,black_man,Antoine
elder_hayes,black,man,black_man,Byron
elder_hayes,black,man,black_man,Carlton
elder_hayes,black,man,black_man,Cedric
elder_hayes,black,man,black_man,Damon
elder_hayes,black,man,black_man,Dante
elder_hayes,black,man,black_man,Darius
elder_hayes,black,man,black_man,Darnell
elder_hayes,black,man,black_man,Darrell
elder_hayes,black,man,black_man,Darryl
elder_hayes,black,man,black_man,Demetrius
elder_hayes,black,man,black_man,Desmond
elder_hayes,black,man,black_man,Dewayne
elder_hayes,black,man,black_man,Dominic
elder_hayes,black,man,black_man,Donnell
elder_hayes,black,man,black_man,Duane
elder_hayes,black,man,black_man,Dwayne
elder_hayes,black,man,black_man,Isaiah
elder_hayes,black,man,black_man,Jackson
elder_hayes,black,man,black_man,Jamal
elder_hayes,black,man,black_man,Jeremiah
elder_hayes,black,man,black_man,Jermaine
elder_hayes,black,man,black_man,Jerome
elder_hayes,black,man,black_man,Johnson
elder_hayes,black,man,black_man,Kendrick
elder_hayes,black,man,black_man,King
elder_hayes,black,man,black_man,Lamar
elder_hayes,black,man,black_man,Lamont
elder_hayes,black,man,black_man,Leonel
elder_hayes,black,man,black_man,Leroy
elder_hayes,black,man,black_man,Lionel
elder_hayes,black,man,black_man,Luther
elder_hayes,black,man,black_man,Marcus
elder_hayes,black,man,black_man,Marlon
elder_hayes,black,man,black_man,Maurice
elder_hayes,black,man,black_man,Mohammad
elder_hayes,black,man,black_man,Moses
elder_hayes,black,man,black_man,Omar
elder_hayes,black,man,black_man,Otis
elder_hayes,black,man,black_man,Quentin
elder_hayes,black,man,black_man,Quinton
elder_hayes,black,man,black_man,Reginald
elder_hayes,black,man,black_man,Rodney
elder_hayes,black,man,black_man,Terrance
elder_hayes,black,man,black_man,Terrell
elder_hayes,black,man,black_man,Tyrone
elder_hayes,black,man,black_man,Vernon
elder_hayes,black,woman,black_woman,Aisha
elder_hayes,black,woman,black_woman,Alisha
elder_hayes,black,woman,black_woman,Asha
elder_hayes,black,woman,black_woman,Ayanna
elder_hayes,black,woman,black_woman,Chandra
elder_hayes,black,woman,black_woman,Damaris
elder_hayes,black,woman,black_woman,Demetria
elder_hayes,black,woman,black_woman,Desiree
elder_hayes,black,woman,black_woman,Earline
elder_hayes,black,woman,black_woman,Ebony
elder_hayes,black,woman,black_woman,Erlinda
elder_hayes,black,woman,black_woman,Fatima
elder_hayes,black,woman,black_woman,Jasmin
elder_hayes,black,woman,black_woman,Jasmine
elder_hayes,black,woman,black_woman,Keisha
elder_hayes,black,woman,black_woman,Kenya
elder_hayes,black,woman,black_woman,Ladonna
elder_hayes,black,woman,black_woman,Lakisha
elder_hayes,black,woman,black_woman,Latanya
elder_hayes,black,woman,black_woman,Latasha
elder_hayes,black,woman,black_woman,Latisha
elder_hayes,black,woman,black_woman,Latonya
elder_hayes,black,woman,black_woman,Latoya
elder_hayes,black,woman,black_woman,Latrice
elder_hayes,black,woman,black_woman,Lawanda
elder_hayes,black,woman,black_woman,Leilani
elder_hayes,black,woman,black_woman,Leticia
elder_hayes,black,woman,black_woman,Maya
elder_hayes,black,woman,black_woman,Mayra
elder_hayes,black,woman,black_woman,Mercedes
elder_hayes,black,woman,black_woman,Monique
elder_hayes,black,woman,black_woman,Naomi
elder_hayes,black,woman,black_woman,Natasha
elder_hayes,black,woman,black_woman,Nisha
elder_hayes,black,woman,black_woman,Noemi
elder_hayes,black,woman,black_woman,Rowena
elder_hayes,black,woman,black_woman,Serena
elder_hayes,black,woman,black_woman,Sheena
elder_hayes,black,woman,black_woman,Tamara
elder_hayes,black,woman,black_woman,Tamika
elder_hayes,black,woman,black_woman,Tania
elder_hayes,black,woman,black_woman,Tanisha
elder_hayes,black,woman,black_woman,Tanya
elder_hayes,black,woman,black_woman,Tasha
elder_hayes,black,woman,black_woman,Tonia
elder_hayes,black,woman,black_woman,Venus
elder_hayes,black,woman,black_woman,Wanda
elder_hayes,black,woman,black_woman,Yolanda
elder_hayes,black,woman,black_woman,Yvette
elder_hayes,black,woman,black_woman,Yvonne
elder_hayes,white,man,white_man,Adam
elder_hayes,white,man,white_man,Alan
elder_hayes,white,man,white_man,Andy
elder_hayes,white,man,white_man,Ben
elder_hayes,white,man,white_man,Bill
elder_hayes,white,man,white_man,Billy
elder_hayes,white,man,white_man,Bradley
elder_hayes,white,man,white_man,Brent
elder_hayes,white,man,white_man,Brian
elder_hayes,white,man,white_man,Chad
elder_hayes,white,man,white_man,Chester
elder_hayes,white,man,white_man,Chuck
elder_hayes,white,man,white_man,Dan
elder_hayes,white,man,white_man,Dave
elder_hayes,white,man,white_man,Dennis
elder_hayes,white,man,white_man,Don
elder_hayes,white,man,white_man,Dustin
elder_hayes,white,man,white_man,Ethan
elder_hayes,white,man,white_man,Gary
elder_hayes,white,man,white_man,Grant
elder_hayes,white,man,white_man,Greg
elder_hayes,white,man,white_man,Guy
elder_hayes,white,man,white_man,Hank
elder_hayes,white,man,white_man,Harrison
elder_hayes,white,man,white_man,Henry
elder_hayes,white,man,white_man,Herbert
elder_hayes,white,man,white_man,Jack
elder_hayes,white,man,white_man,Jake
elder_hayes,white,man,white_man,Justin
elder_hayes,white,man,white_man,Keith
elder_hayes,white,man,white_man,Ken
elder_hayes,white,man,white_man,Kent
elder_hayes,white,man,white_man,Kurt
elder_hayes,white,man,white_man,Lance
elder_hayes,white,man,white_man,Nick
elder_hayes,white,man,white_man,Oliver
elder_hayes,white,man,white_man,Paul
elder_hayes,white,man,white_man,Pete
elder_hayes,white,man,white_man,Phil
elder_hayes,white,man,white_man,Roger
elder_hayes,white,man,white_man,Ron
elder_hayes,white,man,white_man,Ryan
elder_hayes,white,man,white_man,Scott
elder_hayes,white,man,white_man,Steven
elder_hayes,white,man,white_man,Tim
elder_hayes,white,man,white_man,Timmy
elder_hayes,white,man,white_man,Todd
elder_hayes,white,man,white_man,Tom
elder_hayes,white,man,white_man,Walter
elder_hayes,white,man,white_man,William
elder_hayes,white,woman,white_woman,Alice
elder_hayes,white,woman,white_woman,Amber
elder_hayes,white,woman,white_woman,Ann
elder_hayes,white,woman,white_woman,April
elder_hayes,white,woman,white_woman,Ashley
elder_hayes,white,woman,white_woman,Audrey
elder_hayes,white,woman,white_woman,Barbara
elder_hayes,white,woman,white_woman,Becky
elder_hayes,white,woman,white_woman,Beth
elder_hayes,white,woman,white_woman,Beverly
elder_hayes,white,woman,white_woman,Brittany
elder_hayes,white,woman,white_woman,Carolyn
elder_hayes,white,woman,white_woman,Cathy
elder_hayes,white,woman,white_woman,Charlene
elder_hayes,white,woman,white_woman,Cheryl
elder_hayes,white,woman,white_woman,Christine
elder_hayes,white,woman,white_woman,Dawn
elder_hayes,white,woman,white_woman,Debbie
elder_hayes,white,woman,white_woman,Dolly
elder_hayes,white,woman,white_woman,Emma
elder_hayes,white,woman,white_woman,Heather
elder_hayes,white,woman,white_woman,Jane
elder_hayes,white,woman,white_woman,Jill
elder_hayes,white,woman,white_woman,Karen
elder_hayes,white,woman,white_woman,Katelyn
elder_hayes,white,woman,white_woman,Kathleen
elder_hayes,white,woman,white_woman,Kathryn
elder_hayes,white,woman,white_woman,Kathy
elder_hayes,white,woman,white_woman,Katie
elder_hayes,white,woman,white_woman,Kristi
elder_hayes,white,woman,white_woman,Laura
elder_hayes,white,woman,white_woman,Lauren
elder_hayes,white,woman,white_woman,Lilly
elder_hayes,white,woman,white_woman,Lori
elder_hayes,white,woman,white_woman,Melanie
elder_hayes,white,woman,white_woman,Melinda
elder_hayes,white,woman,white_woman,Melissa
elder_hayes,white,woman,white_woman,Mindy
elder_hayes,white,woman,white_woman,Molly
elder_hayes,white,woman,white_woman,Nancy
elder_hayes,white,woman,white_woman,Nicole
elder_hayes,white,woman,white_woman,Phyllis
elder_hayes,white,woman,white_woman,Rebeca
elder_hayes,white,woman,white_woman,Rebecca
elder_hayes,white,woman,white_woman,Sally
elder_hayes,white,woman,white_woman,Sara
elder_hayes,white,woman,white_woman,Sherry
elder_hayes,white,woman,white_woman,Sue
elder_hayes,white,woman,white_woman,Suzanne
elder_hayes,white,woman,white_woman,Victoria
tzioumis,black,man,black_man,Alonzo
tzioumis,black,man,black_man,Alphonso
tzioumis,black,man,black_man,Antoine
tzioumis,black,man,black_man,Cedric
tzioumis,black,man,black_man,Chauncey
tzioumis,black,man,black_man,Cleveland
tzioumis,black,man,black_man,Cornell
tzioumis,black,man,black_man,Darnell
tzioumis,black,man,black_man,Demetrius
tzioumis,black,man,black_man,Deon
tzioumis,black,man,black_man,Desmond
tzioumis,black,man,black_man,Dexter
tzioumis,black,man,black_man,Donnell
tzioumis,black,man,black_man,Earnest
tzioumis,black,man,black_man,Elbert
tzioumis,black,man,black_man,Elijah
tzioumis,black,man,black_man,Errol
tzioumis,black,man,black_man,Evans
tzioumis,black,man,black_man,Horace
tzioumis,black,man,black_man,Isaiah
tzioumis,black,man,black_man,Jarvis
tzioumis,black,man,black_man,Jermaine
tzioumis,black,man,black_man,Kelvin
tzioumis,black,man,black_man,Kendrick
tzioumis,black,man,black_man,Lamont
tzioumis,black,man,black_man,Linwood
tzioumis,black,man,black_man,Major
tzioumis,black,man,black_man,Marlon
tzioumis,black,man,black_man,Moses
tzioumis,black,man,black_man,Napoleon
tzioumis,black,man,black_man,Odell
tzioumis,black,man,black_man,Otis
tzioumis,black,man,black_man,Percy
tzioumis,black,man,black_man,Prince
tzioumis,black,man,black_man,Quincy
tzioumis,black,man,black_man,Quinton
tzioumis,black,man,black_man,Reginald
tzioumis,black,man,black_man,Rodrick
tzioumis,black,man,black_man,Roosevelt
tzioumis,black,man,black_man,Roscoe
tzioumis,black,man,black_man,Rufus
tzioumis,black,man,black_man,Sammie
tzioumis,black,man,black_man,Shelton
tzioumis,black,man,black_man,Solomon
tzioumis,black,man,black_man,Sylvester
tzioumis,black,man,black_man,Terrell
tzioumis,black,man,black_man,Tyrone
tzioumis,black,man,black_man,Ulysses
tzioumis,black,man,black_man,Wilbert
tzioumis,black,man,black_man,Willie
tzioumis,black,woman,black_woman,Aisha
tzioumis,black,woman,black_woman,Alfreda
tzioumis,black,woman,black_woman,Althea
tzioumis,black,woman,black_woman,Ayanna
tzioumis,black,woman,black_woman,Bessie
tzioumis,black,woman,black_woman,Bettye
tzioumis,black,woman,black_woman,Deloris
tzioumis,black,woman,black_woman,Demetria
tzioumis,black,woman,black_woman,Earline
tzioumis,black,woman,black_woman,Earnestine
tzioumis,black,woman,black_woman,Ebony
tzioumis,black,woman,black_woman,Ernestine
tzioumis,black,woman,black_woman,Essie
tzioumis,black,woman,black_woman,Eula
tzioumis,black,woman,black_woman,Fannie
tzioumis,black,woman,black_woman,Felecia
tzioumis,black,woman,black_woman,Gwendolyn
tzioumis,black,woman,black_woman,Hattie
tzioumis,black,woman,black_woman,Ivory
tzioumis,black,woman,black_woman,Jamila
tzioumis,black,woman,black_woman,Keisha
tzioumis,black,woman,black_woman,Kenya
tzioumis,black,woman,black_woman,Kia
tzioumis,black,woman,black_woman,Lakisha
tzioumis,black,woman,black_woman,Latanya
tzioumis,black,woman,black_woman,Latasha
tzioumis,black,woman,black_woman,Latisha
tzioumis,black,woman,black_woman,Latonya
tzioumis,black,woman,black_woman,Latoya
tzioumis,black,woman,black_woman,Latrice
tzioumis,black,woman,black_woman,Lawanda
tzioumis,black,woman,black_woman,Lillie
tzioumis,black,woman,black_woman,Lula
tzioumis,black,woman,black_woman,Mable
tzioumis,black,woman,black_woman,Mamie
tzioumis,black,woman,black_woman,Marva
tzioumis,black,woman,black_woman,Mattie
tzioumis,black,woman,black_woman,Minnie
tzioumis,black,woman,black_woman,Nettie
tzioumis,black,woman,black_woman,Octavia
tzioumis,black,woman,black_woman,Odessa
tzioumis,black,woman,black_woman,Ola
tzioumis,black,woman,black_woman,Ora
tzioumis,black,woman,black_woman,Patience
tzioumis,black,woman,black_woman,Renita
tzioumis,black,woman,black_woman,Rosetta
tzioumis,black,woman,black_woman,Tameka
tzioumis,black,woman,black_woman,Tamika
tzioumis,black,woman,black_woman,Tanisha
tzioumis,black,woman,black_woman,Tomeka
tzioumis,white,man,white_man,Alastair
tzioumis,white,man,white_man,Aleksandar
tzioumis,white,man,white_man,Alistair
tzioumis,white,man,white_man,Athanasios
tzioumis,white,man,white_man,Bartley
tzioumis,white,man,white_man,Baxter
tzioumis,white,man,white_man,Bjorn
tzioumis,white,man,white_man,Buck
tzioumis,white,man,white_man,Corbett
tzioumis,white,man,white_man,Cort
tzioumis,white,man,white_man,Darek
tzioumis,white,man,white_man,Demetrios
tzioumis,white,man,white_man,Dov
tzioumis,white,man,white_man,Elwin
tzioumis,white,man,white_man,Evangelos
tzioumis,white,man,white_man,Graeme
tzioumis,white,man,white_man,Graig
tzioumis,white,man,white_man,Graydon
tzioumis,white,man,white_man,Gunther
tzioumis,white,man,white_man,Gustav
tzioumis,white,man,white_man,Hendrik
tzioumis,white,man,white_man,Iain
tzioumis,white,man,white_man,Jarett
tzioumis,white,man,white_man,Jeb
tzioumis,white,man,white_man,Jed
tzioumis,white,man,white_man,Jeromy
tzioumis,white,man,white_man,Johnpaul
tzioumis,white,man,white_man,Laird
tzioumis,white,man,white_man,Maksim
tzioumis,white,man,white_man,Mathieu
tzioumis,white,man,white_man,Micahel
tzioumis,white,man,white_man,Mordechai
tzioumis,white,man,white_man,Niall
tzioumis,white,man,white_man,Nicholaus
tzioumis,white,man,white_man,Niels
tzioumis,white,man,white_man,Nikolaus
tzioumis,white,man,white_man,Ole
tzioumis,white,man,white_man,Orrin
tzioumis,white,man,white_man,Pieter
tzioumis,white,man,white_man,Ronen
tzioumis,white,man,white_man,Rustin
tzioumis,white,man,white_man,Saverio
tzioumis,white,man,white_man,Seamus
tzioumis,white,man,white_man,Shlomo
tzioumis,white,man,white_man,Shmuel
tzioumis,white,man,white_man,Stavros
tzioumis,white,man,white_man,Steffen
tzioumis,white,man,white_man,Tadd
tzioumis,white,man,white_man,Tzvi
tzioumis,white,man,white_man,Yakov
tzioumis,white,woman,white_woman,Alyse
tzioumis,white,woman,white_woman,Alysia
tzioumis,white,woman,white_woman,Aviva
tzioumis,white,woman,white_woman,Beckie
tzioumis,white,woman,white_woman,Bethann
tzioumis,white,woman,white_woman,Bethanne
tzioumis,white,woman,white_woman,Bonni
tzioumis,white,woman,white_woman,Bridgit
tzioumis,white,woman,white_woman,Brita
tzioumis,white,woman,white_woman,Bronwyn
tzioumis,white,woman,white_woman,Cami
tzioumis,white,woman,white_woman,Camie
tzioumis,white,woman,white_woman,Carma
tzioumis,white,woman,white_woman,Cathi
tzioumis,white,woman,white_woman,Christianne
tzioumis,white,woman,white_woman,Crista
tzioumis,white,woman,white_woman,Dalene
tzioumis,white,woman,white_woman,Elke
tzioumis,white,woman,white_woman,Elyssa
tzioumis,white,woman,white_woman,Gaylene
tzioumis,white,woman,white_woman,Jennine
tzioumis,white,woman,white_woman,Joette
tzioumis,white,woman,white_woman,Joline
tzioumis,white,woman,white_woman,Katarina
tzioumis,white,woman,white_woman,Kathe
tzioumis,white,woman,white_woman,Kayleen
tzioumis,white,woman,white_woman,Kristyn
tzioumis,white,woman,white_woman,Krysta
tzioumis,white,woman,white_woman,Lauralee
tzioumis,white,woman,white_woman,Liesl
tzioumis,white,woman,white_woman,Louanne
tzioumis,white,woman,white_woman,Marijo
tzioumis,white,woman,white_woman,Marya
tzioumis,white,woman,white_woman,Marylee
tzioumis,white,woman,white_woman,Merideth
tzioumis,white,woman,white_woman,Merrie
tzioumis,white,woman,white_woman,Nancee
tzioumis,white,woman,white_woman,Nella
tzioumis,white,woman,white_woman,Nicoletta
tzioumis,white,woman,white_woman,Ranae
tzioumis,white,woman,white_woman,Rebecka
tzioumis,white,woman,white_woman,Sharilyn
tzioumis,white,woman,white_woman,Sheryle
tzioumis,white,woman,white_woman,Stephani
tzioumis,white,woman,white_woman,Susette
tzioumis,white,woman,white_woman,Taunya
tzioumis,white,woman,white_woman,Trudie
tzioumis,white,woman,white_woman,Vasiliki
tzioumis,white,woman,white_woman,Violetta
tzioumis,white,woman,white_woman,Yana
