cue_family,cue_group,cue_label,ces_score_mean,ces_population_mean,ces_shift_mean,ces_shift_ci_low,ces_shift_ci_high,ces_n_issues,subgroup_n
explicit_political,democrat,I am a Democrat,0.47522843780202106,0.0675558978500721,0.40767253995194896,0.34572781947248216,0.4696172604314158,19,5624
explicit_political,republican,I am a Republican,-0.38657496618456005,0.0675558978500721,-0.4541308640346322,-0.5287244282565958,-0.3795372998126686,19,4533
explicit_political,independent,I am an Independent,0.06751455254816982,0.0675558978500721,-4.134530190229676e-05,-0.01858975796754376,0.018507067363739166,19,4996
explicit_demographic,white_man,I am a White man,-0.07713663954020815,0.0675558978500721,-0.14469253739028023,-0.17396261247306463,-0.11542246230749584,19,5004
implicit_demographic,white_man,Name: white male,-0.07713663954020815,0.0675558978500721,-0.14469253739028023,-0.17396261247306463,-0.11542246230749584,19,5004
explicit_demographic,white_woman,I am a White woman,0.060997955549721435,0.0675558978500721,-0.006557942300350666,-0.029538250223950648,0.016422365623249318,19,5374
implicit_demographic,white_woman,Name: white female,0.060997955549721435,0.0675558978500721,-0.006557942300350666,-0.029538250223950648,0.016422365623249318,19,5374
explicit_demographic,black_man,I am a Black man,0.20327992194636552,0.0675558978500721,0.13572402409629344,0.09002956828458897,0.18141847990799792,19,996
implicit_demographic,black_man,Name: black male,0.20327992194636552,0.0675558978500721,0.13572402409629344,0.09002956828458897,0.18141847990799792,19,996
explicit_demographic,black_woman,I am a Black woman,0.25544320408519,0.0675558978500721,0.18788730623511798,0.14232967004586522,0.23344494242437075,19,1198
implicit_demographic,black_woman,Name: black female,0.25544320408519,0.0675558978500721,0.18788730623511798,0.14232967004586522,0.23344494242437075,19,1198
implicit_political,blue_state,Resident of blue state,0.15618126729570259,0.0675558978500721,0.0886253694456305,0.07154667224638714,0.10570406664487386,19,6775
implicit_political,red_state,Resident of red state,-0.004781564226756056,0.0675558978500721,-0.07233746207682815,-0.087323121999002,-0.057351802154654304,19,6844
implicit_political,swing_state,Resident of swing state,0.03592053920932828,0.0675558978500721,-0.031635358640743814,-0.04205795848587386,-0.021212758795613768,19,3381
