party,issue,model,n,n_features,share_liberal,baseline_mismatch,mismatch,mismatch_reduction,auc,share_confident,p_iqr
republican,CC25_324,M0_party_only,4519,0,0.348577369612004,0.348577369612004,0.348577369612004,0.0,0.4850355457491434,0.0,0.003677032250028578
republican,CC25_324,M1_named,4519,23,0.348577369612004,0.348577369612004,0.31847103063826987,0.030106338973734104,0.6940928378892516,0.25875212657318186,0.32283493773431504
republican,CC25_324,M2_all_demographics,4519,62,0.348577369612004,0.348577369612004,0.3107471164613784,0.03783025315062555,0.6907675065803053,0.2830939636178013,0.32001382456292626
republican,CC25_324,M3_plus_political_identity,4519,70,0.348577369612004,0.348577369612004,0.3043220459476862,0.04425532366431778,0.7172465207586269,0.31157716766805976,0.3398470859973578
republican,CC25_321a,M0_party_only,4533,0,0.3922364335186801,0.3922364335186801,0.3922364335186801,0.0,0.48748866120102896,0.0,0.0023721294821302252
republican,CC25_321a,M1_named,4533,23,0.3922364335186801,0.3922364335186801,0.3972030643649126,-0.0049666308462325,0.5421563001455745,0.0,0.10175657921351688
republican,CC25_321a,M2_all_demographics,4533,62,0.3922364335186801,0.3922364335186801,0.3589526866748013,0.0332837468438788,0.660864864483308,0.14596980288187905,0.249214974788378
republican,CC25_321a,M3_plus_political_identity,4533,70,0.3922364335186801,0.3922364335186801,0.34536111402209396,0.04687531949658613,0.6869170796011075,0.18619900921307186,0.28629091371899146
republican,CC25_321b,M0_party_only,4533,0,0.4131185071836492,0.4131185071836492,0.4131185071836492,0.0,0.491873516459886,0.0,0.0032509915328481354
republican,CC25_321b,M1_named,4533,23,0.4131185071836492,0.4131185071836492,0.421253873428795,-0.008135366245145825,0.5381898191612986,0.00035853200249650913,0.09853162718491842
republican,CC25_321b,M2_all_demographics,4533,62,0.4131185071836492,0.4131185071836492,0.4000983497500777,0.013020157433571489,0.6004296519306414,0.04090448001756645,0.19806304810711722
republican,CC25_321b,M3_plus_political_identity,4533,70,0.4131185071836492,0.4131185071836492,0.3920009816764711,0.021117525507178048,0.6224520421932023,0.06862272224248843,0.22553042884011598
republican,CC25_321c,M0_party_only,4533,0,0.9108211014986561,0.08917889850134386,0.08917889850134386,0.0,0.4722164853714899,1.0,0.002724813904189549
republican,CC25_321c,M1_named,4533,23,0.9108211014986561,0.08917889850134386,0.08917889850134386,0.0,0.5148190982415988,0.9995597597944851,0.036634554646570616
republican,CC25_321c,M2_all_demographics,4533,62,0.9108211014986561,0.08917889850134386,0.08917889850134386,0.0,0.6328856763724915,0.9293809623007104,0.07912426357674818
republican,CC25_321c,M3_plus_political_identity,4533,70,0.9108211014986561,0.08917889850134386,0.08910777940553116,7.111909581269948e-05,0.6421683307290864,0.921850088740898,0.08013146205893695
republican,CC25_323a,M0_party_only,4532,0,0.3635148909033763,0.3635148909033763,0.3635148909033763,0.0,0.4880955170854586,0.0,0.003606982420537641
republican,CC25_323a,M1_named,4532,23,0.3635148909033763,0.3635148909033763,0.35331339925190997,0.010201491651466332,0.5934880235862366,0.014416943514782609,0.13903194387353257
republican,CC25_323a,M2_all_demographics,4532,62,0.3635148909033763,0.3635148909033763,0.341572780851639,0.021942110051737296,0.6461493492466344,0.14595729775426364,0.225008706783953
republican,CC25_323a,M3_plus_political_identity,4532,70,0.3635148909033763,0.3635148909033763,0.32968798777951164,0.03382690312386466,0.6723572459612761,0.20811204299129016,0.25512013001002026
republican,CC25_323b,M0_party_only,4533,0,0.07986554897323533,0.07986554897323533,0.07986554897323533,0.0,0.44863020114893337,1.0,0.005740567991360052
republican,CC25_323b,M1_named,4533,23,0.07986554897323533,0.07986554897323533,0.07986554897323533,0.0,0.6932778532858233,0.938866911850059,0.07035200324029048
republican,CC25_323b,M2_all_demographics,4533,62,0.07986554897323533,0.07986554897323533,0.08217691390284765,-0.002311364929612314,0.7046691568887967,0.9059992927080655,0.07311644068693145
republican,CC25_323b,M3_plus_political_identity,4533,70,0.07986554897323533,0.07986554897323533,0.08389990008999162,-0.004034351116756291,0.7518942423730808,0.896293121230282,0.0769964507991214
republican,CC25_323c,M0_party_only,4533,0,0.11021548160902041,0.11021548160902041,0.11021548160902041,0.0,0.4742651330529777,1.0,0.0034565055415287788
republican,CC25_323c,M1_named,4533,23,0.11021548160902041,0.11021548160902041,0.11021548160902041,0.0,0.6932836280223718,0.8474848093515844,0.11058033748218936
republican,CC25_323c,M2_all_demographics,4533,62,0.11021548160902041,0.11021548160902041,0.11411984814873137,-0.003904366539710963,0.7311720474535636,0.8275608955278058,0.12164597105589697
republican,CC25_323c,M3_plus_political_identity,4533,70,0.11021548160902041,0.11021548160902041,0.11429557002078672,-0.004080088411766311,0.7962490867839441,0.8234440912143776,0.12716858215494714
republican,CC25_323d,M0_party_only,4533,0,0.4810687471486225,0.4810687471486225,0.4810687471486225,0.0,0.4887847451128255,0.0,0.0018946701330406213
republican,CC25_323d,M1_named,4533,23,0.4810687471486225,0.4810687471486225,0.43709326803527504,0.04397547911334748,0.5768500323607937,0.00028284154536572815,0.1261168071172351
republican,CC25_323d,M2_all_demographics,4533,62,0.4810687471486225,0.4810687471486225,0.4096664815887465,0.071402265559876,0.6274579120343302,0.03529345491958956,0.21991775916691364
republican,CC25_323d,M3_plus_political_identity,4533,70,0.4810687471486225,0.4810687471486225,0.37457769711375705,0.10649105003486548,0.6641658285629847,0.07883624718156287,0.279598801000142
republican,CC25_321d,M0_party_only,4533,0,0.18543797238401152,0.18543797238401152,0.18543797238401152,0.0,0.48919974824314816,1.0,0.001488560602444261
republican,CC25_321d,M1_named,4533,23,0.18543797238401152,0.18543797238401152,0.18377084522935272,0.001667127154658804,0.6840071465962686,0.6338572691324739,0.14648608670719182
republican,CC25_321d,M2_all_demographics,4533,62,0.18543797238401152,0.18543797238401152,0.1857097620366233,-0.0002717896526117647,0.6975588882593426,0.6442704790199524,0.16616383323440526
republican,CC25_321d,M3_plus_political_identity,4533,70,0.18543797238401152,0.18543797238401152,0.18414596996192356,0.0012920024220879622,0.7128264177026182,0.6451247136624614,0.17537909259147605
republican,CC25_321e,M0_party_only,4531,0,0.13065538114733974,0.13065538114733974,0.13065538114733974,0.0,0.46342116201118055,1.0,0.004581367092899302
republican,CC25_321e,M1_named,4531,23,0.13065538114733974,0.13065538114733974,0.13065538114733974,0.0,0.6956577347130173,0.791156834381719,0.10908720514243864
republican,CC25_321e,M2_all_demographics,4531,62,0.13065538114733974,0.13065538114733974,0.14191047070836704,-0.011255089561027304,0.7184764883704768,0.8047739203191963,0.12256114224650666
republican,CC25_321e,M3_plus_political_identity,4531,70,0.13065538114733974,0.13065538114733974,0.1381824626109213,-0.007527081463581553,0.7243023862013123,0.8072514430489095,0.11796013490541812
republican,CC25_326a,M0_party_only,4533,0,0.44102562520724514,0.44102562520724514,0.44102562520724514,0.0,0.4887205578375178,0.0,0.003637879541519118
republican,CC25_326a,M1_named,4533,23,0.44102562520724514,0.44102562520724514,0.4216494277422739,0.019376197464971268,0.5766380945371324,0.00025157726149349267,0.12306389525516842
republican,CC25_326a,M2_all_demographics,4533,62,0.44102562520724514,0.44102562520724514,0.3710385731647726,0.06998705204247252,0.6563795006121866,0.06441926281000844,0.24528860584602719
republican,CC25_326a,M3_plus_political_identity,4533,70,0.44102562520724514,0.44102562520724514,0.36317366330836515,0.07785196189888,0.6768647090952129,0.10460200076990152,0.27403449434533433
republican,CC25_326b,M0_party_only,4533,0,0.45365867966603307,0.45365867966603307,0.45365867966603307,0.0,0.48666714159920943,0.0,0.0058901121539310375
republican,CC25_326b,M1_named,4533,23,0.45365867966603307,0.45365867966603307,0.38819644145361004,0.06546223821242303,0.6304387534398588,0.0022135093386875518,0.1860741529220874
republican,CC25_326b,M2_all_demographics,4533,62,0.45365867966603307,0.45365867966603307,0.3409892976362744,0.11266938202975868,0.7114800574058062,0.1530523824389934,0.3223836114486561
republican,CC25_326b,M3_plus_political_identity,4533,70,0.45365867966603307,0.45365867966603307,0.31016796294680754,0.14349071671922553,0.7376488712509877,0.20936537371880107,0.3598364865520861
republican,CC25_326c,M0_party_only,4532,0,0.3475247760730438,0.3475247760730438,0.3475247760730438,0.0,0.4659345160060257,0.0,0.005719728738245777
republican,CC25_326c,M1_named,4532,23,0.3475247760730438,0.3475247760730438,0.3369047698636356,0.010620006209408173,0.6433434874761615,0.10455845902526319,0.19331894051066945
republican,CC25_326c,M2_all_demographics,4532,62,0.3475247760730438,0.3475247760730438,0.3184610093025255,0.02906376677051825,0.6824534264609412,0.23572766770042017,0.2540297362939043
republican,CC25_326c,M3_plus_political_identity,4532,70,0.3475247760730438,0.3475247760730438,0.3096742510515367,0.0378505250215071,0.704904136652282,0.2825832180584389,0.27752834148366917
republican,CC25_340d,M0_party_only,4517,0,0.04661369359433466,0.04661369359433466,0.04661369359433466,0.0,0.4729186660092882,1.0,0.0021311511238361752
republican,CC25_340d,M1_named,4517,23,0.04661369359433466,0.04661369359433466,0.04730895777329427,-0.0006952641789596051,0.8007301619643938,0.9631383002077595,0.0492331693120743
republican,CC25_340d,M2_all_demographics,4517,62,0.04661369359433466,0.04661369359433466,0.04823032437672606,-0.0016166307823913956,0.7899031458039654,0.9507314466235995,0.04397927969286788
republican,CC25_340d,M3_plus_political_identity,4517,70,0.04661369359433466,0.04661369359433466,0.04903871546564353,-0.0024250218713088648,0.8045718635432968,0.9471985022792686,0.03976937949203887
republican,CC25_343a,M0_party_only,4532,0,0.1300410228186038,0.1300410228186038,0.1300410228186038,0.0,0.4845769687633601,1.0,0.0021575787668114965
republican,CC25_343a,M1_named,4532,23,0.1300410228186038,0.1300410228186038,0.1297781406878018,0.0002628821308020002,0.6132345165844691,0.8803738365685423,0.07022411387657558
republican,CC25_343a,M2_all_demographics,4532,62,0.1300410228186038,0.1300410228186038,0.1260643034621628,0.003976719356441005,0.6290510248523202,0.8450948343944458,0.09154735781184864
republican,CC25_343a,M3_plus_political_identity,4532,70,0.1300410228186038,0.1300410228186038,0.12953399266294818,0.0005070301556556189,0.653874130829281,0.8465760940184696,0.09529224592551151
republican,CC25_343b,M0_party_only,4533,0,0.08753388199659767,0.08753388199659767,0.08753388199659767,0.0,0.46154885414053226,1.0,0.004433103457922916
republican,CC25_343b,M1_named,4533,23,0.08753388199659767,0.08753388199659767,0.08753388199659767,0.0,0.6202676648586039,0.9656972092168195,0.050625523847583065
republican,CC25_343b,M2_all_demographics,4533,62,0.08753388199659767,0.08753388199659767,0.0883320290785707,-0.0007981470819730246,0.6097165964528939,0.9340516565328361,0.06801501065505838
republican,CC25_343b,M3_plus_political_identity,4533,70,0.08753388199659767,0.08753388199659767,0.09070147065276471,-0.0031675886561670363,0.645879188363093,0.9166155815026775,0.06998690696994725
republican,CC25_343c,M0_party_only,4531,0,0.49837776762133856,0.49837776762133856,0.49837776762133856,0.0,0.4955582168012611,0.0,0.002088650626371147
republican,CC25_343c,M1_named,4531,23,0.49837776762133856,0.49837776762133856,0.470629568458488,0.02774819916285054,0.537348951547906,0.0,0.08302608703189096
republican,CC25_343c,M2_all_demographics,4531,62,0.49837776762133856,0.49837776762133856,0.46315834797792166,0.035219419643416905,0.5526372140071232,0.003176662620644366,0.14297700620233822
republican,CC25_343c,M3_plus_political_identity,4531,70,0.49837776762133856,0.49837776762133856,0.4586012824420018,0.03977648517933674,0.5602912244466387,0.0046607085769091155,0.15289297633817983
republican,CC25_326d,M0_party_only,4533,0,0.16433888595270826,0.16433888595270826,0.16433888595270826,0.0,0.47518962340945925,1.0,0.005740238631198713
republican,CC25_326d,M1_named,4533,23,0.16433888595270826,0.16433888595270826,0.16994991447381724,-0.005611028521108979,0.7092513844751507,0.6967679124903712,0.14389901962927287
republican,CC25_326d,M2_all_demographics,4533,62,0.16433888595270826,0.16433888595270826,0.17625579044111972,-0.011916904488411456,0.7243064059625056,0.7114242926885302,0.16409388140644512
republican,CC25_326d,M3_plus_political_identity,4533,70,0.16433888595270826,0.16433888595270826,0.1689664643668216,-0.004627578414113348,0.7497023283430369,0.7148496563436895,0.17161478865222957
republican,CC25_326e,M0_party_only,4533,0,0.24291205433817922,0.24291205433817922,0.24291205433817922,0.0,0.4863234551640989,0.0,0.002078545954265376
republican,CC25_326e,M1_named,4533,23,0.24291205433817922,0.24291205433817922,0.24684770703944647,-0.00393565270126725,0.68689051088268,0.5110846635192212,0.1865758427061969
republican,CC25_326e,M2_all_demographics,4533,62,0.24291205433817922,0.24291205433817922,0.2355516851373297,0.007360369200849509,0.7206059965839198,0.5251937103739496,0.21779583922910337
republican,CC25_326e,M3_plus_political_identity,4533,70,0.24291205433817922,0.24291205433817922,0.22909820955517723,0.013813844783001988,0.7318963244678623,0.5471445146255416,0.223566015086071
democrat,CC25_324,M0_party_only,5610,0,0.8396971604498461,0.1603028395501539,0.16030283955015404,-1.3877787807814457e-16,0.49073006842356126,1.0,0.0008050986021285178
democrat,CC25_324,M1_named,5610,23,0.8396971604498461,0.1603028395501539,0.16895182566697614,-0.008648986116822244,0.7749291798951803,0.6833046108298682,0.19329417490460132
democrat,CC25_324,M2_all_demographics,5610,62,0.8396971604498461,0.1603028395501539,0.1666928852420312,-0.006390045691877316,0.7823927875930368,0.6985506719885994,0.20047579755302847
democrat,CC25_324,M3_plus_political_identity,5610,69,0.8396971604498461,0.1603028395501539,0.16793290352313883,-0.007630063972984935,0.8008691937545257,0.7127872767829205,0.20178298537778527
democrat,CC25_321a,M0_party_only,5624,0,0.8827195771534182,0.1172804228465818,0.11728042284658158,2.220446049250313e-16,0.483505936627033,1.0,0.003037704894960469
democrat,CC25_321a,M1_named,5624,23,0.8827195771534182,0.1172804228465818,0.11728042284658158,2.220446049250313e-16,0.7165072421320732,0.8123807734281271,0.12532431604793315
democrat,CC25_321a,M2_all_demographics,5624,62,0.8827195771534182,0.1172804228465818,0.12035553018618535,-0.003075107339603547,0.7155272098313142,0.8115595227972857,0.13577569040105963
democrat,CC25_321a,M3_plus_political_identity,5624,69,0.8827195771534182,0.1172804228465818,0.1229740618940151,-0.005693639047433294,0.7236850255544091,0.80625469417793,0.13602787472650146
democrat,CC25_321b,M0_party_only,5624,0,0.8340641507332517,0.16593584926674831,0.1659358492667483,2.7755575615628914e-17,0.48379273364136743,1.0,0.002838206321728154
democrat,CC25_321b,M1_named,5624,23,0.8340641507332517,0.16593584926674831,0.16472332544220253,0.0012125238245457859,0.7030055115824687,0.6782925955775475,0.15865595063728022
democrat,CC25_321b,M2_all_demographics,5624,62,0.8340641507332517,0.16593584926674831,0.16897371014208268,-0.003037860875334364,0.7317987826399277,0.6939095871349796,0.17306097676273835
democrat,CC25_321b,M3_plus_political_identity,5624,69,0.8340641507332517,0.16593584926674831,0.16799172929497477,-0.002055880028226459,0.7366704253069201,0.6921870727803147,0.17638794464464236
democrat,CC25_321c,M0_party_only,5624,0,0.9663038107858786,0.03369618921412143,0.03369618921412136,6.938893903907228e-17,0.47119557420000463,1.0,0.00040710585169823066
democrat,CC25_321c,M1_named,5624,23,0.9663038107858786,0.03369618921412143,0.03369618921412136,6.938893903907228e-17,0.644982917040827,0.9985105874696043,0.030503156888503136
democrat,CC25_321c,M2_all_demographics,5624,62,0.9663038107858786,0.03369618921412143,0.034089579499665235,-0.0003933902855438043,0.7143892493522663,0.9817764632657994,0.02984167367433077
democrat,CC25_321c,M3_plus_political_identity,5624,69,0.9663038107858786,0.03369618921412143,0.03407552299385934,-0.0003793337797379087,0.7137545269751989,0.9829765003493938,0.029914718570831722
democrat,CC25_323a,M0_party_only,5624,0,0.8584182511181333,0.1415817488818667,0.1415817488818666,1.1102230246251565e-16,0.47848656431092546,1.0,0.002876685343133123
democrat,CC25_323a,M1_named,5624,23,0.8584182511181333,0.1415817488818667,0.1415817488818666,1.1102230246251565e-16,0.5631459756359813,0.8734007487110033,0.07175104736158844
democrat,CC25_323a,M2_all_demographics,5624,62,0.8584182511181333,0.1415817488818667,0.141775819923206,-0.00019407104133931097,0.5894355713333176,0.8291892888778459,0.0921822033721631
democrat,CC25_323a,M3_plus_political_identity,5624,69,0.8584182511181333,0.1415817488818667,0.1423772812469499,-0.0007955323650832014,0.6237602203502868,0.7804015887646121,0.12215722392843265
democrat,CC25_323b,M0_party_only,5624,0,0.6101622351094469,0.3898377648905531,0.3898377648905531,0.0,0.4845723463268455,0.0,0.0010457507701351343
democrat,CC25_323b,M1_named,5624,23,0.6101622351094469,0.3898377648905531,0.3608996440473791,0.028938120843173987,0.6644634370172112,0.09901330480594539,0.23649089800367196
democrat,CC25_323b,M2_all_demographics,5624,62,0.6101622351094469,0.3898377648905531,0.3476981771646375,0.042139587725915584,0.6705148666436096,0.14677616089243734,0.25595750309801935
democrat,CC25_323b,M3_plus_political_identity,5624,69,0.6101622351094469,0.3898377648905531,0.34655747413201254,0.04328029075854056,0.6963820679906692,0.20256648386477968,0.2972672973863778
democrat,CC25_323c,M0_party_only,5624,0,0.8262149259289351,0.17378507407106492,0.17378507407106494,-2.7755575615628914e-17,0.4786571821720673,1.0,0.0029811950921773134
democrat,CC25_323c,M1_named,5624,23,0.8262149259289351,0.17378507407106492,0.17461280774422447,-0.000827733673159553,0.7361579080848821,0.6405082835686966,0.18931950141554899
democrat,CC25_323c,M2_all_demographics,5624,62,0.8262149259289351,0.17378507407106492,0.18310118471614562,-0.0093161106450807,0.738434886078506,0.6607812749297135,0.1955935766561122
democrat,CC25_323c,M3_plus_political_identity,5624,69,0.8262149259289351,0.17378507407106492,0.177044221342092,-0.0032591472710270797,0.754200968979107,0.6691178757115825,0.20401047503642744
democrat,CC25_323d,M0_party_only,5624,0,0.9175327169134198,0.08246728308658025,0.08246728308658018,6.938893903907228e-17,0.47239720552936393,1.0,0.0014200605041220227
democrat,CC25_323d,M1_named,5624,23,0.9175327169134198,0.08246728308658025,0.08246728308658018,6.938893903907228e-17,0.6428481801811916,0.9593657887234018,0.05686302039708124
democrat,CC25_323d,M2_all_demographics,5624,62,0.9175327169134198,0.08246728308658025,0.08268644295464665,-0.00021915986806640697,0.6384512904861832,0.9326258024030486,0.07510333122429758
democrat,CC25_323d,M3_plus_political_identity,5624,69,0.9175327169134198,0.08246728308658025,0.08292833540563777,-0.00046105231905752,0.6633649812684628,0.910529245279493,0.08002953079119268
democrat,CC25_321d,M0_party_only,5624,0,0.5872847306175835,0.41271526938241654,0.41271526938241654,0.0,0.49403489354172736,0.0,0.0007530597061736755
democrat,CC25_321d,M1_named,5624,23,0.5872847306175835,0.41271526938241654,0.3505396952550079,0.06217557412740865,0.6890285559571848,0.11463151898146272,0.2662339677361943
democrat,CC25_321d,M2_all_demographics,5624,62,0.5872847306175835,0.41271526938241654,0.34504322689687106,0.06767204248554548,0.6919354693069819,0.1558009220216624,0.28691559218742163
democrat,CC25_321d,M3_plus_political_identity,5624,69,0.5872847306175835,0.41271526938241654,0.3337449851013433,0.07897028428107322,0.7085439436559795,0.19725458882228633,0.3168747305654557
democrat,CC25_321e,M0_party_only,5624,0,0.44426714450407173,0.44426714450407173,0.44426714450407173,0.0,0.4865558423903043,0.0,0.004865899018210884
democrat,CC25_321e,M1_named,5624,23,0.44426714450407173,0.44426714450407173,0.36939978661869594,0.0748673578853758,0.6696058153024327,0.04955007869015287,0.25514356420088713
democrat,CC25_321e,M2_all_demographics,5624,62,0.44426714450407173,0.44426714450407173,0.369013959036585,0.07525318546748672,0.6687699455159091,0.10647667775925741,0.27000334306889084
democrat,CC25_321e,M3_plus_political_identity,5624,69,0.44426714450407173,0.44426714450407173,0.3592149147218672,0.08505222978220456,0.6914236310456526,0.16352464297621638,0.30112661145950015
democrat,CC25_326a,M0_party_only,5624,0,0.8998212907264392,0.10017870927356076,0.10017870927356057,1.942890293094024e-16,0.48880219592007623,1.0,0.0014897327223794
democrat,CC25_326a,M1_named,5624,23,0.8998212907264392,0.10017870927356076,0.10039289453162674,-0.000214185258065977,0.6716278067741219,0.8965280612139763,0.08664277124151099
democrat,CC25_326a,M2_all_demographics,5624,62,0.8998212907264392,0.10017870927356076,0.10134947638569931,-0.0011707671121385516,0.6912588514826091,0.8694961581721478,0.10442531261375299
democrat,CC25_326a,M3_plus_political_identity,5624,69,0.8998212907264392,0.10017870927356076,0.10270698290033102,-0.0025282736267702582,0.7028402571827259,0.8635942373355242,0.10470491895133072
democrat,CC25_326b,M0_party_only,5624,0,0.922112383380527,0.07788761661947297,0.07788761661947298,-1.3877787807814457e-17,0.46911240484412126,1.0,0.0014003671057422062
democrat,CC25_326b,M1_named,5624,23,0.922112383380527,0.07788761661947297,0.07788761661947298,-1.3877787807814457e-17,0.6108911819647416,0.9835604090341508,0.056573548787607786
democrat,CC25_326b,M2_all_demographics,5624,62,0.922112383380527,0.07788761661947297,0.07808542037111446,-0.00019780375164149544,0.645304159165595,0.9440671760779589,0.06585769615592263
democrat,CC25_326b,M3_plus_political_identity,5624,69,0.922112383380527,0.07788761661947297,0.07831460698991104,-0.0004269903704380712,0.6593492511809509,0.933103359041209,0.07199839227602467
democrat,CC25_326c,M0_party_only,5623,0,0.8522318791642444,0.14776812083575563,0.14776812083575558,5.551115123125783e-17,0.4673903328917488,1.0,0.004875749208376856
democrat,CC25_326c,M1_named,5623,23,0.8522318791642444,0.14776812083575563,0.14776812083575558,5.551115123125783e-17,0.6395328836850217,0.7370330106772354,0.1201536208369105
democrat,CC25_326c,M2_all_demographics,5623,62,0.8522318791642444,0.14776812083575563,0.15227766692219905,-0.004509546086443411,0.6782354184945406,0.7448389196874876,0.1433916298682012
democrat,CC25_326c,M3_plus_political_identity,5623,69,0.8522318791642444,0.14776812083575563,0.15347774076688883,-0.0057096199311331974,0.7008138849367229,0.742304924119358,0.15469640739528479
democrat,CC25_340d,M0_party_only,5598,0,0.3784494435046084,0.3784494435046084,0.3784494435046084,0.0,0.4798585141377712,0.0,0.004239009572255259
democrat,CC25_340d,M1_named,5598,23,0.3784494435046084,0.3784494435046084,0.3711317779469835,0.0073176655576249194,0.6178586447646428,0.061112030653685395,0.1747906473217799
democrat,CC25_340d,M2_all_demographics,5598,62,0.3784494435046084,0.3784494435046084,0.36545506685510165,0.012994376649506756,0.6492431993278804,0.139465236173626,0.23329497369948787
democrat,CC25_340d,M3_plus_political_identity,5598,69,0.3784494435046084,0.3784494435046084,0.34572671991041193,0.03272272359419648,0.6767579416894473,0.17913059649569837,0.2701311863379928
democrat,CC25_343a,M0_party_only,5624,0,0.6069656429733394,0.39303435702666056,0.3930343570266605,5.551115123125783e-17,0.48831330084638414,0.0,0.00430509221883435
democrat,CC25_343a,M1_named,5624,23,0.6069656429733394,0.39303435702666056,0.3482721134496911,0.04476224357696945,0.6750901180826743,0.12100945527449493,0.24800117535445837
democrat,CC25_343a,M2_all_demographics,5624,62,0.6069656429733394,0.39303435702666056,0.3353362083458472,0.057698148680813355,0.6989788059970695,0.18302970630529514,0.28167917533053044
democrat,CC25_343a,M3_plus_political_identity,5624,69,0.6069656429733394,0.39303435702666056,0.3261053611936201,0.06692899583304046,0.7301194201571184,0.2588660412263761,0.3488558354889544
democrat,CC25_343b,M0_party_only,5620,0,0.5723823989705175,0.42761760102948254,0.42761760102948265,-1.1102230246251565e-16,0.47904428196632864,0.0,0.008451409206000182
democrat,CC25_343b,M1_named,5620,23,0.5723823989705175,0.42761760102948254,0.3824501582511357,0.045167442778346834,0.6626448493780095,0.06626241640048443,0.23254980110681311
democrat,CC25_343b,M2_all_demographics,5620,62,0.5723823989705175,0.42761760102948254,0.3779734762428373,0.04964412478664526,0.666887355727386,0.106584409929596,0.26223715091503935
democrat,CC25_343b,M3_plus_political_identity,5620,69,0.5723823989705175,0.42761760102948254,0.3573544756127422,0.07026312541674035,0.696839542590539,0.17236955845965315,0.3198933200653785
democrat,CC25_343c,M0_party_only,5620,0,0.5984486541983484,0.40155134580165164,0.4015513458016515,1.1102230246251565e-16,0.4880545509683761,0.0,0.0035167690620613312
democrat,CC25_343c,M1_named,5620,23,0.5984486541983484,0.40155134580165164,0.40592642203531504,-0.0043750762336634,0.5516742294483709,0.0,0.10657702299238914
democrat,CC25_343c,M2_all_demographics,5620,62,0.5984486541983484,0.40155134580165164,0.40108102507580057,0.00047032072585107,0.5692053557429586,0.01216234203247514,0.1476371315579753
democrat,CC25_343c,M3_plus_political_identity,5620,69,0.5984486541983484,0.40155134580165164,0.40688092508023826,-0.005329579278586627,0.569217429142004,0.01442565017053243,0.15394433026161125
democrat,CC25_326d,M0_party_only,5624,0,0.6938079530359601,0.3061920469640399,0.30619204696403984,5.551115123125783e-17,0.4731550942233066,0.0,0.00914040030657659
democrat,CC25_326d,M1_named,5624,23,0.6938079530359601,0.3061920469640399,0.2865939974395756,0.01959804952446431,0.722922996709556,0.36657450990309215,0.27324041736931715
democrat,CC25_326d,M2_all_demographics,5624,62,0.6938079530359601,0.3061920469640399,0.2800060517261474,0.0261859952378925,0.7312974901718372,0.405909750808757,0.2943739919889554
democrat,CC25_326d,M3_plus_political_identity,5624,69,0.6938079530359601,0.3061920469640399,0.27604207340493686,0.030149973559103038,0.7589022336604386,0.44926751498240375,0.32835374319867094
democrat,CC25_326e,M0_party_only,5623,0,0.7237858098512309,0.27621419014876913,0.27621419014876913,0.0,0.48644600719758757,0.0,0.004524802376066561
democrat,CC25_326e,M1_named,5623,23,0.7237858098512309,0.27621419014876913,0.28860054118788303,-0.012386351039113896,0.6406728082269713,0.31491901976071784,0.18129002442147613
democrat,CC25_326e,M2_all_demographics,5623,62,0.7237858098512309,0.27621419014876913,0.27331771464569926,0.002896475503069873,0.6681812808528619,0.3676872858694631,0.21089676059170315
democrat,CC25_326e,M3_plus_political_identity,5623,69,0.7237858098512309,0.27621419014876913,0.2709655720169575,0.005248618131811655,0.6875506292348085,0.3976818482686769,0.23323078649434403
