party,issue,block,auc,mismatch,baseline_mismatch
republican,CC25_324,age,0.5178904402577924,0.348577369612004,0.348577369612004
republican,CC25_324,education,0.5048750419587825,0.348577369612004,0.348577369612004
republican,CC25_324,region,0.5325358542298315,0.348577369612004,0.348577369612004
republican,CC25_324,religiosity,0.6921945219586436,0.3232092210855451,0.348577369612004
republican,CC25_324,gender_race,0.5030549813213757,0.348577369612004,0.348577369612004
republican,CC25_324,income,0.5084939877409003,0.3505643410646838,0.348577369612004
republican,CC25_324,urbanicity,0.5104703545996199,0.35039297412692544,0.348577369612004
republican,CC25_324,marital,0.5153494237995582,0.35236632679034463,0.348577369612004
republican,CC25_324,news_interest,0.5206956845352813,0.348577369612004,0.348577369612004
republican,CC25_324,pid7,0.5645354798129758,0.348577369612004,0.348577369612004
republican,CC25_324,ideology,0.6227844256385799,0.3552079916987159,0.348577369612004
republican,CC25_321a,age,0.48821830716621506,0.3922364335186801,0.3922364335186801
republican,CC25_321a,education,0.5176988581757607,0.3922364335186801,0.3922364335186801
republican,CC25_321a,region,0.5206837294992384,0.3922364335186801,0.3922364335186801
republican,CC25_321a,religiosity,0.5385418418513235,0.39308522579391636,0.3922364335186801
republican,CC25_321a,gender_race,0.6112022835833969,0.37533239993940737,0.3922364335186801
republican,CC25_321a,income,0.4946756481549063,0.39057755534382116,0.3922364335186801
republican,CC25_321a,urbanicity,0.5803814892267715,0.3958249434544986,0.3922364335186801
republican,CC25_321a,marital,0.49889657045769686,0.3939521071844917,0.3922364335186801
republican,CC25_321a,news_interest,0.5619697002837899,0.4013578171261754,0.3922364335186801
republican,CC25_321a,pid7,0.5539136371700124,0.3922364335186801,0.3922364335186801
republican,CC25_321a,ideology,0.606193804876318,0.37396155054431063,0.3922364335186801
republican,CC25_321b,age,0.5429953683018293,0.41429703846441435,0.4131185071836492
republican,CC25_321b,education,0.5048621874406426,0.4131185071836492,0.4131185071836492
republican,CC25_321b,region,0.5135246876961336,0.4131185071836492,0.4131185071836492
republican,CC25_321b,religiosity,0.5083261370788619,0.4219501815254919,0.4131185071836492
republican,CC25_321b,gender_race,0.5746697582035987,0.41146678769139594,0.4131185071836492
republican,CC25_321b,income,0.46947885137157896,0.4153083230660903,0.4131185071836492
republican,CC25_321b,urbanicity,0.5330555042764792,0.4156186418999341,0.4131185071836492
republican,CC25_321b,marital,0.4952165252611879,0.4131185071836492,0.4131185071836492
republican,CC25_321b,news_interest,0.5560467456887244,0.40464953595609787,0.4131185071836492
republican,CC25_321b,pid7,0.5489656019741354,0.4034868022372488,0.4131185071836492
republican,CC25_321b,ideology,0.5730438072372852,0.408635563714239,0.4131185071836492
republican,CC25_321c,age,0.5199360069935319,0.08917889850134386,0.08917889850134386
republican,CC25_321c,education,0.45409187595971695,0.08917889850134386,0.08917889850134386
republican,CC25_321c,region,0.5291469244415666,0.08917889850134386,0.08917889850134386
republican,CC25_321c,religiosity,0.49391986541606614,0.08917889850134386,0.08917889850134386
republican,CC25_321c,gender_race,0.6131796657363904,0.08917889850134386,0.08917889850134386
republican,CC25_321c,income,0.5247010841398215,0.08917889850134386,0.08917889850134386
republican,CC25_321c,urbanicity,0.5381186284585223,0.08917889850134386,0.08917889850134386
republican,CC25_321c,marital,0.5158168335333678,0.08917889850134386,0.08917889850134386
republican,CC25_321c,news_interest,0.5147458802959707,0.08917889850134386,0.08917889850134386
republican,CC25_321c,pid7,0.5298922591522212,0.08917889850134386,0.08917889850134386
republican,CC25_321c,ideology,0.545694519216094,0.08917889850134386,0.08917889850134386
republican,CC25_323a,age,0.5914922820373363,0.3662563529248337,0.3635148909033763
republican,CC25_323a,education,0.4677763734752386,0.3635148909033763,0.3635148909033763
republican,CC25_323a,region,0.49812963793157133,0.3635148909033763,0.3635148909033763
republican,CC25_323a,religiosity,0.5590248144749538,0.3628327492799217,0.3635148909033763
republican,CC25_323a,gender_race,0.5863961935375417,0.3463834839477143,0.3635148909033763
republican,CC25_323a,income,0.5085987672953068,0.36592035542022006,0.3635148909033763
republican,CC25_323a,urbanicity,0.5418382724038409,0.3675885681069027,0.3635148909033763
republican,CC25_323a,marital,0.5203704416616113,0.36778961699229445,0.3635148909033763
republican,CC25_323a,news_interest,0.587518408290331,0.36684697478176836,0.3635148909033763
republican,CC25_323a,pid7,0.5777046578965342,0.3709555632070542,0.3635148909033763
republican,CC25_323a,ideology,0.6059912790995309,0.3496369595481719,0.3635148909033763
republican,CC25_323b,age,0.6932620255098285,0.07986554897323533,0.07986554897323533
republican,CC25_323b,education,0.5204326550074003,0.07986554897323533,0.07986554897323533
republican,CC25_323b,region,0.5184784878698573,0.07986554897323533,0.07986554897323533
republican,CC25_323b,religiosity,0.5014803040987015,0.07986554897323533,0.07986554897323533
republican,CC25_323b,gender_race,0.5492724942099868,0.07986554897323533,0.07986554897323533
republican,CC25_323b,income,0.5009166763192526,0.07986554897323533,0.07986554897323533
republican,CC25_323b,urbanicity,0.5372171761897998,0.07986554897323533,0.07986554897323533
republican,CC25_323b,marital,0.5827484393686818,0.07986554897323533,0.07986554897323533
republican,CC25_323b,news_interest,0.6231278799235974,0.07986554897323533,0.07986554897323533
republican,CC25_323b,pid7,0.6074926429162794,0.07986554897323533,0.07986554897323533
republican,CC25_323b,ideology,0.6741723772146714,0.07986554897323533,0.07986554897323533
republican,CC25_323c,age,0.7017399127208162,0.11021548160902041,0.11021548160902041
republican,CC25_323c,education,0.5022469551549074,0.11021548160902041,0.11021548160902041
republican,CC25_323c,region,0.48950698724875896,0.11021548160902041,0.11021548160902041
republican,CC25_323c,religiosity,0.570796621199511,0.11021548160902041,0.11021548160902041
republican,CC25_323c,gender_race,0.5815843469475751,0.11021548160902041,0.11021548160902041
republican,CC25_323c,income,0.5593836833931605,0.11021548160902041,0.11021548160902041
republican,CC25_323c,urbanicity,0.5386624138566701,0.11021548160902041,0.11021548160902041
republican,CC25_323c,marital,0.585738840339861,0.11021548160902041,0.11021548160902041
republican,CC25_323c,news_interest,0.6398109580080105,0.11021548160902041,0.11021548160902041
republican,CC25_323c,pid7,0.6742759226857764,0.11021548160902041,0.11021548160902041
republican,CC25_323c,ideology,0.6824566890682491,0.11021548160902041,0.11021548160902041
republican,CC25_323d,age,0.5916942660219631,0.4276499869971805,0.4810687471486225
republican,CC25_323d,education,0.48161563937521656,0.5009371470141752,0.4810687471486225
republican,CC25_323d,region,0.49208184703743035,0.49738370985624536,0.4810687471486225
republican,CC25_323d,religiosity,0.542634118785231,0.44599878030703927,0.4810687471486225
republican,CC25_323d,gender_race,0.5840352914407103,0.42642923729836607,0.4810687471486225
republican,CC25_323d,income,0.4802125086757509,0.49996022857499123,0.4810687471486225
republican,CC25_323d,urbanicity,0.5215615900004138,0.45736940879933313,0.4810687471486225
republican,CC25_323d,marital,0.5101072963515103,0.4810578986091034,0.4810687471486225
republican,CC25_323d,news_interest,0.580404556768186,0.41364222005314416,0.4810687471486225
republican,CC25_323d,pid7,0.5909281077309168,0.3949093075428272,0.4810687471486225
republican,CC25_323d,ideology,0.6047756373962413,0.416342123173251,0.4810687471486225
republican,CC25_321d,age,0.680686827005631,0.18543797238401152,0.18543797238401152
republican,CC25_321d,education,0.5431354777581348,0.18543797238401152,0.18543797238401152
republican,CC25_321d,region,0.5096523594078439,0.18543797238401152,0.18543797238401152
republican,CC25_321d,religiosity,0.525898285205263,0.18543797238401152,0.18543797238401152
republican,CC25_321d,gender_race,0.52144483781676,0.18543797238401152,0.18543797238401152
republican,CC25_321d,income,0.5598749382132929,0.18543797238401152,0.18543797238401152
republican,CC25_321d,urbanicity,0.5358354933187192,0.18543797238401152,0.18543797238401152
republican,CC25_321d,marital,0.5968880082753378,0.18543797238401152,0.18543797238401152
republican,CC25_321d,news_interest,0.608008535851831,0.19042018843269928,0.18543797238401152
republican,CC25_321d,pid7,0.5817667624893472,0.18543797238401152,0.18543797238401152
republican,CC25_321d,ideology,0.5732889777813881,0.18543797238401152,0.18543797238401152
republican,CC25_321e,age,0.6947105723754969,0.13065538114733974,0.13065538114733974
republican,CC25_321e,education,0.5363120671940841,0.13065538114733974,0.13065538114733974
republican,CC25_321e,region,0.4721833933204804,0.13065538114733974,0.13065538114733974
republican,CC25_321e,religiosity,0.5001288790851508,0.13065538114733974,0.13065538114733974
republican,CC25_321e,gender_race,0.5564302212608899,0.13065538114733974,0.13065538114733974
republican,CC25_321e,income,0.5793350002379507,0.13065538114733974,0.13065538114733974
republican,CC25_321e,urbanicity,0.5443969713006065,0.13065538114733974,0.13065538114733974
republican,CC25_321e,marital,0.6262696428824073,0.13065538114733974,0.13065538114733974
republican,CC25_321e,news_interest,0.5893933670508749,0.13065538114733974,0.13065538114733974
republican,CC25_321e,pid7,0.5114525712177977,0.13065538114733974,0.13065538114733974
republican,CC25_321e,ideology,0.5499175719636242,0.13198278015811554,0.13065538114733974
republican,CC25_326a,age,0.579190521778368,0.4160354936183022,0.44102562520724514
republican,CC25_326a,education,0.49834858697521944,0.44102562520724514,0.44102562520724514
republican,CC25_326a,region,0.5029712014778054,0.44102562520724514,0.44102562520724514
republican,CC25_326a,religiosity,0.520073602656151,0.4445429995614035,0.44102562520724514
republican,CC25_326a,gender_race,0.5747062957922002,0.409709111709158,0.44102562520724514
republican,CC25_326a,income,0.521497988180925,0.43330531045321846,0.44102562520724514
republican,CC25_326a,urbanicity,0.5695777622032943,0.3970680138476325,0.44102562520724514
republican,CC25_326a,marital,0.5246625544353037,0.4343690900575799,0.44102562520724514
republican,CC25_326a,news_interest,0.591728800710854,0.4186938026441608,0.44102562520724514
republican,CC25_326a,pid7,0.5573116571687025,0.40935106254522413,0.44102562520724514
republican,CC25_326a,ideology,0.6068840954680553,0.3861135053398682,0.44102562520724514
republican,CC25_326b,age,0.6313369985830667,0.3829033211368184,0.45365867966603307
republican,CC25_326b,education,0.5030035961206368,0.45365867966603307,0.45365867966603307
republican,CC25_326b,region,0.48839791102857455,0.45365867966603307,0.45365867966603307
republican,CC25_326b,religiosity,0.5302038335392333,0.4420300485433913,0.45365867966603307
republican,CC25_326b,gender_race,0.5956658379495163,0.410860990671271,0.45365867966603307
republican,CC25_326b,income,0.5316631745653346,0.46003882113666494,0.45365867966603307
republican,CC25_326b,urbanicity,0.5452472373533391,0.412919774735571,0.45365867966603307
republican,CC25_326b,marital,0.5630494915251879,0.4108034057408227,0.45365867966603307
republican,CC25_326b,news_interest,0.6414399926132246,0.3682703503758231,0.45365867966603307
republican,CC25_326b,pid7,0.584312346185976,0.3913111403382943,0.45365867966603307
republican,CC25_326b,ideology,0.6469873885942342,0.36705536011741696,0.45365867966603307
republican,CC25_326c,age,0.6432152244235425,0.3447975431163281,0.3475247760730438
republican,CC25_326c,education,0.46168341814536956,0.3475247760730438,0.3475247760730438
republican,CC25_326c,region,0.5067341951953064,0.3475247760730438,0.3475247760730438
republican,CC25_326c,religiosity,0.5363336494331943,0.3473445298978171,0.3475247760730438
republican,CC25_326c,gender_race,0.5638137250765934,0.33705335287666255,0.3475247760730438
republican,CC25_326c,income,0.5266514745087015,0.35363776878279923,0.3475247760730438
republican,CC25_326c,urbanicity,0.5667130697869414,0.35313928733430056,0.3475247760730438
republican,CC25_326c,marital,0.5618164755210934,0.35019550634445484,0.3475247760730438
republican,CC25_326c,news_interest,0.591736093362045,0.3533048224914468,0.3475247760730438
republican,CC25_326c,pid7,0.5515674098299919,0.3475247760730438,0.3475247760730438
republican,CC25_326c,ideology,0.6160458795033931,0.3256438184180268,0.3475247760730438
republican,CC25_340d,age,0.797162912023617,0.04661369359433466,0.04661369359433466
republican,CC25_340d,education,0.5085046256135144,0.04661369359433466,0.04661369359433466
republican,CC25_340d,region,0.49184630414872943,0.04661369359433466,0.04661369359433466
republican,CC25_340d,religiosity,0.6237909086071891,0.04661369359433466,0.04661369359433466
republican,CC25_340d,gender_race,0.6278880227976744,0.04661369359433466,0.04661369359433466
republican,CC25_340d,income,0.5267139958355214,0.04661369359433466,0.04661369359433466
republican,CC25_340d,urbanicity,0.5907791052400697,0.04661369359433466,0.04661369359433466
republican,CC25_340d,marital,0.6295881617431859,0.04661369359433466,0.04661369359433466
republican,CC25_340d,news_interest,0.5739041863820854,0.04661369359433466,0.04661369359433466
republican,CC25_340d,pid7,0.5722302914822991,0.04661369359433466,0.04661369359433466
republican,CC25_340d,ideology,0.62079073203378,0.04661369359433466,0.04661369359433466
republican,CC25_343a,age,0.5590327259806972,0.1300410228186038,0.1300410228186038
republican,CC25_343a,education,0.5850664659434565,0.1300410228186038,0.1300410228186038
republican,CC25_343a,region,0.515736016010364,0.1300410228186038,0.1300410228186038
republican,CC25_343a,religiosity,0.5320194077627293,0.1300410228186038,0.1300410228186038
republican,CC25_343a,gender_race,0.5170712781836923,0.1300410228186038,0.1300410228186038
republican,CC25_343a,income,0.5394406926328199,0.1300410228186038,0.1300410228186038
republican,CC25_343a,urbanicity,0.5385578373066388,0.1300410228186038,0.1300410228186038
republican,CC25_343a,marital,0.5400671064399982,0.1300410228186038,0.1300410228186038
republican,CC25_343a,news_interest,0.6017492946859395,0.13208661611198105,0.1300410228186038
republican,CC25_343a,pid7,0.5477788188790977,0.1300410228186038,0.1300410228186038
republican,CC25_343a,ideology,0.585418469716187,0.1300410228186038,0.1300410228186038
republican,CC25_343b,age,0.6154773943092289,0.08753388199659767,0.08753388199659767
republican,CC25_343b,education,0.5229041059689538,0.08753388199659767,0.08753388199659767
republican,CC25_343b,region,0.42310218100975455,0.08753388199659767,0.08753388199659767
republican,CC25_343b,religiosity,0.510643187558839,0.08753388199659767,0.08753388199659767
republican,CC25_343b,gender_race,0.4913571385190608,0.08753388199659767,0.08753388199659767
republican,CC25_343b,income,0.5017601677952701,0.08753388199659767,0.08753388199659767
republican,CC25_343b,urbanicity,0.5307708072021236,0.08753388199659767,0.08753388199659767
republican,CC25_343b,marital,0.5199646249418092,0.08753388199659767,0.08753388199659767
republican,CC25_343b,news_interest,0.5806178070077108,0.08753388199659767,0.08753388199659767
republican,CC25_343b,pid7,0.5383494793715347,0.08753388199659767,0.08753388199659767
republican,CC25_343b,ideology,0.588476297392024,0.08753388199659767,0.08753388199659767
republican,CC25_343c,age,0.5326915657851531,0.4694752306789922,0.49837776762133856
republican,CC25_343c,education,0.5083148035510524,0.48396376528463814,0.49837776762133856
republican,CC25_343c,region,0.4758505548730784,0.5176078422745354,0.49837776762133856
republican,CC25_343c,religiosity,0.5241590519251962,0.47978000352581657,0.49837776762133856
republican,CC25_343c,gender_race,0.5510168516953875,0.4536532623832383,0.49837776762133856
republican,CC25_343c,income,0.4951257540369646,0.503838735019794,0.49837776762133856
republican,CC25_343c,urbanicity,0.517304129637554,0.48927761339344855,0.49837776762133856
republican,CC25_343c,marital,0.5224497617702033,0.47735724452488576,0.49837776762133856
republican,CC25_343c,news_interest,0.5146073868638967,0.47703575093895667,0.49837776762133856
republican,CC25_343c,pid7,0.5024752347479721,0.48914081262695275,0.49837776762133856
republican,CC25_343c,ideology,0.5451278280730326,0.46381862934393725,0.49837776762133856
republican,CC25_326d,age,0.7113858235810888,0.1649490265224251,0.16433888595270826
republican,CC25_326d,education,0.4917598999860652,0.16433888595270826,0.16433888595270826
republican,CC25_326d,region,0.5027579639269689,0.16433888595270826,0.16433888595270826
republican,CC25_326d,religiosity,0.5537836120307367,0.16433888595270826,0.16433888595270826
republican,CC25_326d,gender_race,0.556564314446663,0.16433888595270826,0.16433888595270826
republican,CC25_326d,income,0.48337461554124694,0.16433888595270826,0.16433888595270826
republican,CC25_326d,urbanicity,0.588557363409675,0.16433888595270826,0.16433888595270826
republican,CC25_326d,marital,0.6081073708628074,0.16433888595270826,0.16433888595270826
republican,CC25_326d,news_interest,0.6241935265627949,0.16433888595270826,0.16433888595270826
republican,CC25_326d,pid7,0.5850494749434079,0.16433888595270826,0.16433888595270826
republican,CC25_326d,ideology,0.6284477666843944,0.16433888595270826,0.16433888595270826
republican,CC25_326e,age,0.6910307085106485,0.24644536051211835,0.24291205433817922
republican,CC25_326e,education,0.4792899024686724,0.24291205433817922,0.24291205433817922
republican,CC25_326e,region,0.49652018261293823,0.24291205433817922,0.24291205433817922
republican,CC25_326e,religiosity,0.5249156520432658,0.24291205433817922,0.24291205433817922
republican,CC25_326e,gender_race,0.6080840802012089,0.23628030440140124,0.24291205433817922
republican,CC25_326e,income,0.501774786087221,0.24291205433817922,0.24291205433817922
republican,CC25_326e,urbanicity,0.5606846368463068,0.24291205433817922,0.24291205433817922
republican,CC25_326e,marital,0.5684908175284532,0.24291205433817922,0.24291205433817922
republican,CC25_326e,news_interest,0.6041811477664017,0.24291205433817922,0.24291205433817922
republican,CC25_326e,pid7,0.5762807252617742,0.24291205433817922,0.24291205433817922
republican,CC25_326e,ideology,0.608286885111127,0.234928722364255,0.24291205433817922
democrat,CC25_324,age,0.548054305870281,0.16030283955015404,0.1603028395501539
democrat,CC25_324,education,0.6252204486780629,0.16030283955015404,0.1603028395501539
democrat,CC25_324,region,0.5352518985956944,0.16030283955015404,0.1603028395501539
democrat,CC25_324,religiosity,0.7412497278442343,0.16030283955015404,0.1603028395501539
democrat,CC25_324,gender_race,0.649619462357103,0.16030283955015404,0.1603028395501539
democrat,CC25_324,income,0.5970430121337656,0.16030283955015404,0.1603028395501539
democrat,CC25_324,urbanicity,0.5251138532876446,0.16030283955015404,0.1603028395501539
democrat,CC25_324,marital,0.5109165593861674,0.16030283955015404,0.1603028395501539
democrat,CC25_324,news_interest,0.5894850694580266,0.16030283955015404,0.1603028395501539
democrat,CC25_324,pid7,0.5417610801891964,0.16030283955015404,0.1603028395501539
democrat,CC25_324,ideology,0.6858663483471161,0.16106041931738707,0.1603028395501539
democrat,CC25_321a,age,0.584968931721135,0.11728042284658158,0.1172804228465818
democrat,CC25_321a,education,0.6570248800068687,0.11728042284658158,0.1172804228465818
democrat,CC25_321a,region,0.5346243689303771,0.11728042284658158,0.1172804228465818
democrat,CC25_321a,religiosity,0.5966988230446137,0.11728042284658158,0.1172804228465818
democrat,CC25_321a,gender_race,0.6093424804466196,0.11728042284658158,0.1172804228465818
democrat,CC25_321a,income,0.6119567024123205,0.11728042284658158,0.1172804228465818
democrat,CC25_321a,urbanicity,0.500647108127808,0.11728042284658158,0.1172804228465818
democrat,CC25_321a,marital,0.5413415473710795,0.11728042284658158,0.1172804228465818
democrat,CC25_321a,news_interest,0.6138236639339437,0.11728042284658158,0.1172804228465818
democrat,CC25_321a,pid7,0.5596236511838989,0.11728042284658158,0.1172804228465818
democrat,CC25_321a,ideology,0.6110814689804339,0.11728042284658158,0.1172804228465818
democrat,CC25_321b,age,0.560757731397814,0.1659358492667483,0.16593584926674831
democrat,CC25_321b,education,0.6100966143166767,0.1659358492667483,0.16593584926674831
democrat,CC25_321b,region,0.5396573091606176,0.1659358492667483,0.16593584926674831
democrat,CC25_321b,religiosity,0.6364504478170501,0.1659358492667483,0.16593584926674831
democrat,CC25_321b,gender_race,0.6565203558735005,0.1659358492667483,0.16593584926674831
democrat,CC25_321b,income,0.615047557911977,0.1659358492667483,0.16593584926674831
democrat,CC25_321b,urbanicity,0.5189698263601991,0.1659358492667483,0.16593584926674831
democrat,CC25_321b,marital,0.5407864846919682,0.1659358492667483,0.16593584926674831
democrat,CC25_321b,news_interest,0.5704426881677606,0.1659358492667483,0.16593584926674831
democrat,CC25_321b,pid7,0.5198595848883666,0.1659358492667483,0.16593584926674831
democrat,CC25_321b,ideology,0.5968733961991279,0.1659358492667483,0.16593584926674831
democrat,CC25_321c,age,0.6103395927089741,0.03369618921412136,0.03369618921412143
democrat,CC25_321c,education,0.5664889177469706,0.03369618921412136,0.03369618921412143
democrat,CC25_321c,region,0.5034559830499853,0.03369618921412136,0.03369618921412143
democrat,CC25_321c,religiosity,0.5660364876832558,0.03369618921412136,0.03369618921412143
democrat,CC25_321c,gender_race,0.6012213118148315,0.03369618921412136,0.03369618921412143
democrat,CC25_321c,income,0.6363450274868168,0.03369618921412136,0.03369618921412143
democrat,CC25_321c,urbanicity,0.5327492542973107,0.03369618921412136,0.03369618921412143
democrat,CC25_321c,marital,0.5029139088590091,0.03369618921412136,0.03369618921412143
democrat,CC25_321c,news_interest,0.6120424664740906,0.03369618921412136,0.03369618921412143
democrat,CC25_321c,pid7,0.4701725500867904,0.03369618921412136,0.03369618921412143
democrat,CC25_321c,ideology,0.6049267145128243,0.03369618921412136,0.03369618921412143
democrat,CC25_323a,age,0.530782094774412,0.1415817488818666,0.1415817488818667
democrat,CC25_323a,education,0.5399937594114003,0.1415817488818666,0.1415817488818667
democrat,CC25_323a,region,0.4913880229536457,0.1415817488818666,0.1415817488818667
democrat,CC25_323a,religiosity,0.5363981239188325,0.1415817488818666,0.1415817488818667
democrat,CC25_323a,gender_race,0.5587761142311691,0.1415817488818666,0.1415817488818667
democrat,CC25_323a,income,0.531824678496858,0.1415817488818666,0.1415817488818667
democrat,CC25_323a,urbanicity,0.48263266920576603,0.1415817488818666,0.1415817488818667
democrat,CC25_323a,marital,0.4719257082625269,0.1415817488818666,0.1415817488818667
democrat,CC25_323a,news_interest,0.5374000304714767,0.1415817488818666,0.1415817488818667
democrat,CC25_323a,pid7,0.5513857127240144,0.1415817488818666,0.1415817488818667
democrat,CC25_323a,ideology,0.6061403127863318,0.1415817488818666,0.1415817488818667
democrat,CC25_323b,age,0.5643062529913843,0.3898377648905531,0.3898377648905531
democrat,CC25_323b,education,0.572646345513993,0.4007559740798931,0.3898377648905531
democrat,CC25_323b,region,0.5417348769562015,0.3898377648905531,0.3898377648905531
democrat,CC25_323b,religiosity,0.6226737369672595,0.3801887118388587,0.3898377648905531
democrat,CC25_323b,gender_race,0.6004709461407931,0.3847447437475432,0.3898377648905531
democrat,CC25_323b,income,0.5451266928134562,0.38299302693979514,0.3898377648905531
democrat,CC25_323b,urbanicity,0.5122367514592936,0.3898377648905531,0.3898377648905531
democrat,CC25_323b,marital,0.5245346980260205,0.3898377648905531,0.3898377648905531
democrat,CC25_323b,news_interest,0.523682761857451,0.3898377648905531,0.3898377648905531
democrat,CC25_323b,pid7,0.530337428049531,0.3898377648905531,0.3898377648905531
democrat,CC25_323b,ideology,0.6510631508944928,0.3494898437293797,0.3898377648905531
democrat,CC25_323c,age,0.5286503310918335,0.17378507407106494,0.17378507407106492
democrat,CC25_323c,education,0.6364800110056577,0.17378507407106494,0.17378507407106492
democrat,CC25_323c,region,0.5457384632394885,0.17378507407106494,0.17378507407106492
democrat,CC25_323c,religiosity,0.6908999860312507,0.17218342736883635,0.17378507407106492
democrat,CC25_323c,gender_race,0.6268204624791958,0.17378507407106494,0.17378507407106492
democrat,CC25_323c,income,0.584560365608971,0.17378507407106494,0.17378507407106492
democrat,CC25_323c,urbanicity,0.5365423038184565,0.17378507407106494,0.17378507407106492
democrat,CC25_323c,marital,0.4910675283524156,0.17378507407106494,0.17378507407106492
democrat,CC25_323c,news_interest,0.5816417488428278,0.17378507407106494,0.17378507407106492
democrat,CC25_323c,pid7,0.5422370750200469,0.17378507407106494,0.17378507407106492
democrat,CC25_323c,ideology,0.6570059545676457,0.17378507407106494,0.17378507407106492
democrat,CC25_323d,age,0.5643997978503029,0.08246728308658018,0.08246728308658025
democrat,CC25_323d,education,0.5706202850027536,0.08246728308658018,0.08246728308658025
democrat,CC25_323d,region,0.4582058069075173,0.08246728308658018,0.08246728308658025
democrat,CC25_323d,religiosity,0.602906349414333,0.08246728308658018,0.08246728308658025
democrat,CC25_323d,gender_race,0.5875445941151973,0.08246728308658018,0.08246728308658025
democrat,CC25_323d,income,0.5715643386620053,0.08246728308658018,0.08246728308658025
democrat,CC25_323d,urbanicity,0.5028659784547016,0.08246728308658018,0.08246728308658025
democrat,CC25_323d,marital,0.48767801109582676,0.08246728308658018,0.08246728308658025
democrat,CC25_323d,news_interest,0.5790571046704813,0.08246728308658018,0.08246728308658025
democrat,CC25_323d,pid7,0.5420331367227474,0.08246728308658018,0.08246728308658025
democrat,CC25_323d,ideology,0.6089393838830188,0.08246728308658018,0.08246728308658025
democrat,CC25_321d,age,0.6029038141797453,0.3982793341252563,0.41271526938241654
democrat,CC25_321d,education,0.5758136165435523,0.40689531388033984,0.41271526938241654
democrat,CC25_321d,region,0.5192912513682307,0.41271526938241654,0.41271526938241654
democrat,CC25_321d,religiosity,0.6423757757334403,0.3817426190932774,0.41271526938241654
democrat,CC25_321d,gender_race,0.5615063582528492,0.4210196281842517,0.41271526938241654
democrat,CC25_321d,income,0.5479465784197368,0.41911790173535823,0.41271526938241654
democrat,CC25_321d,urbanicity,0.5225540369844378,0.41271526938241654,0.41271526938241654
democrat,CC25_321d,marital,0.5396863129875856,0.40820408684242865,0.41271526938241654
democrat,CC25_321d,news_interest,0.537998415550238,0.40648726421729475,0.41271526938241654
democrat,CC25_321d,pid7,0.5252995289616402,0.41271526938241654,0.41271526938241654
democrat,CC25_321d,ideology,0.6435982906799914,0.3624763423481138,0.41271526938241654
democrat,CC25_321e,age,0.643194020764452,0.3842326268609927,0.44426714450407173
democrat,CC25_321e,education,0.5362708575681171,0.4470678263931136,0.44426714450407173
democrat,CC25_321e,region,0.5167036557785663,0.45056404289622043,0.44426714450407173
democrat,CC25_321e,religiosity,0.5918606758643256,0.4011050190330804,0.44426714450407173
democrat,CC25_321e,gender_race,0.5119956606107616,0.43277233094382594,0.44426714450407173
democrat,CC25_321e,income,0.4952124730567294,0.44190790149827885,0.44426714450407173
democrat,CC25_321e,urbanicity,0.4886491217757651,0.44426714450407173,0.44426714450407173
democrat,CC25_321e,marital,0.5672550468542933,0.4157606270252144,0.44426714450407173
democrat,CC25_321e,news_interest,0.4875302915117491,0.44524978600570614,0.44426714450407173
democrat,CC25_321e,pid7,0.5180225808160052,0.44426714450407173,0.44426714450407173
democrat,CC25_321e,ideology,0.6270559795511522,0.36321054343071474,0.44426714450407173
democrat,CC25_326a,age,0.5818688839468125,0.10017870927356057,0.10017870927356076
democrat,CC25_326a,education,0.6181329464104871,0.10017870927356057,0.10017870927356076
democrat,CC25_326a,region,0.5054516495439287,0.10017870927356057,0.10017870927356076
democrat,CC25_326a,religiosity,0.5953341098903271,0.10017870927356057,0.10017870927356076
democrat,CC25_326a,gender_race,0.6028581163684075,0.10017870927356057,0.10017870927356076
democrat,CC25_326a,income,0.6063825289715602,0.10017870927356057,0.10017870927356076
democrat,CC25_326a,urbanicity,0.5323465513536461,0.10017870927356057,0.10017870927356076
democrat,CC25_326a,marital,0.5320699994443063,0.10017870927356057,0.10017870927356076
democrat,CC25_326a,news_interest,0.6401595113943747,0.10017870927356057,0.10017870927356076
democrat,CC25_326a,pid7,0.5293258267694905,0.10017870927356057,0.10017870927356076
democrat,CC25_326a,ideology,0.619645203809647,0.10017870927356057,0.10017870927356076
democrat,CC25_326b,age,0.5767413720482589,0.07788761661947298,0.07788761661947297
democrat,CC25_326b,education,0.567010409148758,0.07788761661947298,0.07788761661947297
democrat,CC25_326b,region,0.5151901101035729,0.07788761661947298,0.07788761661947297
democrat,CC25_326b,religiosity,0.5672204043934587,0.07788761661947298,0.07788761661947297
democrat,CC25_326b,gender_race,0.5645870135761623,0.07788761661947298,0.07788761661947297
democrat,CC25_326b,income,0.5624108381233411,0.07788761661947298,0.07788761661947297
democrat,CC25_326b,urbanicity,0.5088546589571834,0.07788761661947298,0.07788761661947297
democrat,CC25_326b,marital,0.5251983324555705,0.07788761661947298,0.07788761661947297
democrat,CC25_326b,news_interest,0.5969735825563034,0.07788761661947298,0.07788761661947297
democrat,CC25_326b,pid7,0.536248276174418,0.07788761661947298,0.07788761661947297
democrat,CC25_326b,ideology,0.5978422688101576,0.07788761661947298,0.07788761661947297
democrat,CC25_326c,age,0.5009946844400944,0.14776812083575558,0.14776812083575563
democrat,CC25_326c,education,0.5801940254481432,0.14776812083575558,0.14776812083575563
democrat,CC25_326c,region,0.5206167693676099,0.14776812083575558,0.14776812083575563
democrat,CC25_326c,religiosity,0.6128407679404688,0.14776812083575558,0.14776812083575563
democrat,CC25_326c,gender_race,0.606865904775937,0.14776812083575558,0.14776812083575563
democrat,CC25_326c,income,0.5696772059550711,0.14776812083575558,0.14776812083575563
democrat,CC25_326c,urbanicity,0.5085226024384445,0.14776812083575558,0.14776812083575563
democrat,CC25_326c,marital,0.5133778775629183,0.14776812083575558,0.14776812083575563
democrat,CC25_326c,news_interest,0.6311693135120501,0.14776812083575558,0.14776812083575563
democrat,CC25_326c,pid7,0.5556611589948528,0.14776812083575558,0.14776812083575563
democrat,CC25_326c,ideology,0.6478767129593351,0.14776812083575558,0.14776812083575563
democrat,CC25_340d,age,0.5421525794763177,0.3784494435046084,0.3784494435046084
democrat,CC25_340d,education,0.5591428897216149,0.3848112507639517,0.3784494435046084
democrat,CC25_340d,region,0.5267924760261854,0.3784494435046084,0.3784494435046084
democrat,CC25_340d,religiosity,0.6000419576715561,0.38120787790234517,0.3784494435046084
democrat,CC25_340d,gender_race,0.5462309447072103,0.37869363193749844,0.3784494435046084
democrat,CC25_340d,income,0.5231583654195989,0.3784494435046084,0.3784494435046084
democrat,CC25_340d,urbanicity,0.5079911960621979,0.3784494435046084,0.3784494435046084
democrat,CC25_340d,marital,0.5346102177862586,0.3784494435046084,0.3784494435046084
democrat,CC25_340d,news_interest,0.5813076545313481,0.3784494435046084,0.3784494435046084
democrat,CC25_340d,pid7,0.5435472372815674,0.3784494435046084,0.3784494435046084
democrat,CC25_340d,ideology,0.6289979156273361,0.35707695616170254,0.3784494435046084
democrat,CC25_343a,age,0.4904000325568969,0.3930343570266605,0.39303435702666056
democrat,CC25_343a,education,0.579627984412833,0.39767814103860755,0.39303435702666056
democrat,CC25_343a,region,0.5345846801753703,0.3930343570266605,0.39303435702666056
democrat,CC25_343a,religiosity,0.6509727106075236,0.36348083102721845,0.39303435702666056
democrat,CC25_343a,gender_race,0.6236959798101801,0.37707495813724307,0.39303435702666056
democrat,CC25_343a,income,0.5474675267413998,0.39631552161909483,0.39303435702666056
democrat,CC25_343a,urbanicity,0.5266878948344974,0.39299266813059086,0.39303435702666056
democrat,CC25_343a,marital,0.4984046723558983,0.3930343570266605,0.39303435702666056
democrat,CC25_343a,news_interest,0.5833608709621438,0.390497421701978,0.39303435702666056
democrat,CC25_343a,pid7,0.5768790226174799,0.37922978270926627,0.39303435702666056
democrat,CC25_343a,ideology,0.6608982253829611,0.3427701940114148,0.39303435702666056
democrat,CC25_343b,age,0.5340023139107162,0.42761760102948265,0.42761760102948254
democrat,CC25_343b,education,0.5708973423857977,0.44043938206030264,0.42761760102948254
democrat,CC25_343b,region,0.5306034716867462,0.42761760102948265,0.42761760102948254
democrat,CC25_343b,religiosity,0.6440900476380123,0.3749700664238757,0.42761760102948254
democrat,CC25_343b,gender_race,0.5903949407348512,0.411251074239354,0.42761760102948254
democrat,CC25_343b,income,0.5551818491181232,0.4377086969598798,0.42761760102948254
democrat,CC25_343b,urbanicity,0.5212546354830504,0.4268925588155992,0.42761760102948254
democrat,CC25_343b,marital,0.5034536738273193,0.4346222031530255,0.42761760102948254
democrat,CC25_343b,news_interest,0.5626962153756923,0.41390127096456736,0.42761760102948254
democrat,CC25_343b,pid7,0.5483168526818758,0.40905610855033947,0.42761760102948254
democrat,CC25_343b,ideology,0.6482258450436678,0.3586376380857373,0.42761760102948254
democrat,CC25_343c,age,0.5155942751683626,0.4015513458016515,0.40155134580165164
democrat,CC25_343c,education,0.5302761620062657,0.4015513458016515,0.40155134580165164
democrat,CC25_343c,region,0.5093354797995711,0.4015513458016515,0.40155134580165164
democrat,CC25_343c,religiosity,0.5465188319089397,0.39968780320387604,0.40155134580165164
democrat,CC25_343c,gender_race,0.5299159632557611,0.4049724369390929,0.40155134580165164
democrat,CC25_343c,income,0.5377862495669471,0.3962753348732649,0.40155134580165164
democrat,CC25_343c,urbanicity,0.4987493927126328,0.4015513458016515,0.40155134580165164
democrat,CC25_343c,marital,0.5145328431501417,0.40705741636562315,0.40155134580165164
democrat,CC25_343c,news_interest,0.5196123516325525,0.40368933300569626,0.40155134580165164
democrat,CC25_343c,pid7,0.4869202331323365,0.4015513458016515,0.40155134580165164
democrat,CC25_343c,ideology,0.5423161342368619,0.40399577111534474,0.40155134580165164
democrat,CC25_326d,age,0.5393410484185202,0.30619204696403984,0.3061920469640399
democrat,CC25_326d,education,0.5923666217372058,0.30619204696403984,0.3061920469640399
democrat,CC25_326d,region,0.5487559840248624,0.30619204696403984,0.3061920469640399
democrat,CC25_326d,religiosity,0.6983393786899119,0.29348879768892006,0.3061920469640399
democrat,CC25_326d,gender_race,0.6210067093843157,0.3122474875659428,0.3061920469640399
democrat,CC25_326d,income,0.5439635347855769,0.30619204696403984,0.3061920469640399
democrat,CC25_326d,urbanicity,0.5334034530970307,0.30619204696403984,0.3061920469640399
democrat,CC25_326d,marital,0.5143764612812651,0.30619204696403984,0.3061920469640399
democrat,CC25_326d,news_interest,0.5929779025519377,0.309880799628408,0.3061920469640399
democrat,CC25_326d,pid7,0.5421263681685012,0.30619204696403984,0.3061920469640399
democrat,CC25_326d,ideology,0.6717545714136655,0.29424325925604217,0.3061920469640399
democrat,CC25_326e,age,0.4997941256548405,0.27621419014876913,0.27621419014876913
democrat,CC25_326e,education,0.5609587641725945,0.27621419014876913,0.27621419014876913
democrat,CC25_326e,region,0.5456952578579602,0.27621419014876913,0.27621419014876913
democrat,CC25_326e,religiosity,0.6272482452536368,0.2759254154310543,0.27621419014876913
democrat,CC25_326e,gender_race,0.5907517097399707,0.27621419014876913,0.27621419014876913
democrat,CC25_326e,income,0.5582872473097908,0.27621419014876913,0.27621419014876913
democrat,CC25_326e,urbanicity,0.5095393954085016,0.27621419014876913,0.27621419014876913
democrat,CC25_326e,marital,0.5218577331915543,0.27621419014876913,0.27621419014876913
democrat,CC25_326e,news_interest,0.5952449602382096,0.27673839081683965,0.27621419014876913
democrat,CC25_326e,pid7,0.5441966958371226,0.27621419014876913,0.27621419014876913
democrat,CC25_326e,ideology,0.6351679655961333,0.279155969335861,0.27621419014876913
