ces_variable,issue,pop_liberal_pct,dem_rep_gap,n
CC25_323c,border wall,50.5,1.432,17000
CC25_323b,border patrol increase,36.4,1.061,17000
CC25_326d,fossil fuel production,46.0,1.059,17000
CC25_326c,EPA enforcement and jobs,61.0,1.009,16998
CC25_323a,legal status for long-term undocumented immigrants,62.9,0.99,16999
CC25_324,abortion legality,60.9,0.982,16939
CC25_321a,assault rifle ban,62.9,0.981,16999
CC25_343b,K-3 classroom discussion restriction,33.1,0.97,16990
CC25_326e,federal oil and gas leases,49.4,0.962,16999
CC25_343a,gender-affirming care ban for minors,37.4,0.954,16997
CC25_326b,renewable electricity mandate,70.1,0.937,17000
CC25_326a,EPA CO2 regulation,66.9,0.918,16999
CC25_323d,Dreamers pathway to citizenship,71.0,0.873,17000
CC25_321b,concealed-carry permits,62.1,0.842,16999
CC25_321d,police staffing increase,43.4,0.804,17000
CC25_340d,proof of citizenship to vote,22.3,0.664,16915
CC25_321e,police staffing decrease,30.6,0.627,16997
CC25_343c,local interference with gender transition operations,54.6,0.2,16988
CC25_321c,firearm background checks,92.7,0.111,17000
