layer,cue_family,cue_group,proj_mean,proj_shift
0,baseline,baseline,0.0,0.0
0,explicit_demographic,black_man,0.0,0.0
0,explicit_demographic,black_woman,0.0,0.0
0,explicit_demographic,white_man,0.0,0.0
0,explicit_demographic,white_woman,0.0,0.0
0,explicit_political,democrat,0.0,0.0
0,explicit_political,independent,0.0,0.0
0,explicit_political,republican,0.0,0.0
0,implicit_demographic,black_man,0.0,0.0
0,implicit_demographic,black_woman,0.0,0.0
0,implicit_demographic,white_man,0.0,0.0
0,implicit_demographic,white_woman,0.0,0.0
0,implicit_political,blue_state,0.0,0.0
0,implicit_political,red_state,0.0,0.0
0,implicit_political,swing_state,0.0,0.0
1,baseline,baseline,348.8265075683594,0.0
1,explicit_demographic,black_man,337.0213928222656,-11.80511474609375
1,explicit_demographic,black_woman,336.7171325683594,-12.109375
1,explicit_demographic,white_man,336.94219970703125,-11.884307861328125
1,explicit_demographic,white_woman,336.7759094238281,-12.05059814453125
1,explicit_political,democrat,337.28558349609375,-11.540924072265625
1,explicit_political,independent,337.2112731933594,-11.615234375
1,explicit_political,republican,336.9649963378906,-11.86151123046875
1,implicit_demographic,black_man,337.3592529296875,-11.467254638671875
1,implicit_demographic,black_woman,337.0755310058594,-11.7509765625
1,implicit_demographic,white_man,337.2872314453125,-11.539276123046875
1,implicit_demographic,white_woman,337.332763671875,-11.493743896484375
1,implicit_political,blue_state,336.8392639160156,-11.98724365234375
1,implicit_political,red_state,337.1954345703125,-11.631072998046875
1,implicit_political,swing_state,337.0397033691406,-11.78680419921875
2,baseline,baseline,-594.5341796875,0.0
2,explicit_demographic,black_man,-567.4176635742188,27.11651611328125
2,explicit_demographic,black_woman,-567.0372314453125,27.4969482421875
2,explicit_demographic,white_man,-567.340087890625,27.194091796875
2,explicit_demographic,white_woman,-567.1559448242188,27.37823486328125
2,explicit_political,democrat,-567.9630737304688,26.57110595703125
2,explicit_political,independent,-568.022705078125,26.511474609375
2,explicit_political,republican,-568.9876708984375,25.5465087890625
2,implicit_demographic,black_man,-562.4620971679688,32.07208251953125
2,implicit_demographic,black_woman,-562.079833984375,32.454345703125
2,implicit_demographic,white_man,-563.0962524414062,31.43792724609375
2,implicit_demographic,white_woman,-563.5687255859375,30.9654541015625
2,implicit_political,blue_state,-568.000244140625,26.533935546875
2,implicit_political,red_state,-568.4156494140625,26.1185302734375
2,implicit_political,swing_state,-568.6792602539062,25.85491943359375
3,baseline,baseline,84.80208587646484,0.0
3,explicit_demographic,black_man,79.44683074951172,-5.355255126953125
3,explicit_demographic,black_woman,79.29367065429688,-5.508415222167969
3,explicit_demographic,white_man,79.33517456054688,-5.466911315917969
3,explicit_demographic,white_woman,79.2564926147461,-5.54559326171875
3,explicit_political,democrat,79.59362030029297,-5.208465576171875
3,explicit_political,independent,79.65718841552734,-5.1448974609375
3,explicit_political,republican,78.7067642211914,-6.0953216552734375
3,implicit_demographic,black_man,79.19403839111328,-5.6080474853515625
3,implicit_demographic,black_woman,79.03935241699219,-5.762733459472656
3,implicit_demographic,white_man,78.96245574951172,-5.839630126953125
3,implicit_demographic,white_woman,79.16279602050781,-5.639289855957031
3,implicit_political,blue_state,79.42819213867188,-5.373893737792969
3,implicit_political,red_state,79.34452056884766,-5.4575653076171875
3,implicit_political,swing_state,79.3888931274414,-5.4131927490234375
4,baseline,baseline,-797.25927734375,0.0
4,explicit_demographic,black_man,-757.521484375,39.73779296875
4,explicit_demographic,black_woman,-757.5062255859375,39.7530517578125
4,explicit_demographic,white_man,-756.4268188476562,40.83245849609375
4,explicit_demographic,white_woman,-756.4612426757812,40.79803466796875
4,explicit_political,democrat,-760.4494018554688,36.80987548828125
4,explicit_political,independent,-757.6997680664062,39.55950927734375
4,explicit_political,republican,-762.8395385742188,34.41973876953125
4,implicit_demographic,black_man,-765.6011962890625,31.6580810546875
4,implicit_demographic,black_woman,-765.9453735351562,31.31390380859375
4,implicit_demographic,white_man,-763.5906372070312,33.66864013671875
4,implicit_demographic,white_woman,-764.7606811523438,32.49859619140625
4,implicit_political,blue_state,-759.138427734375,38.120849609375
4,implicit_political,red_state,-757.4727172851562,39.78656005859375
4,implicit_political,swing_state,-757.9771728515625,39.2821044921875
5,baseline,baseline,-1144.18359375,0.0
5,explicit_demographic,black_man,-1083.64599609375,60.53759765625
5,explicit_demographic,black_woman,-1083.2574462890625,60.9261474609375
5,explicit_demographic,white_man,-1083.8697509765625,60.3138427734375
5,explicit_demographic,white_woman,-1084.08154296875,60.10205078125
5,explicit_political,democrat,-1084.8702392578125,59.3133544921875
5,explicit_political,independent,-1085.1279296875,59.0556640625
5,explicit_political,republican,-1087.478515625,56.705078125
5,implicit_demographic,black_man,-1088.6954345703125,55.4881591796875
5,implicit_demographic,black_woman,-1089.96240234375,54.22119140625
5,implicit_demographic,white_man,-1087.31201171875,56.87158203125
5,implicit_demographic,white_woman,-1087.0113525390625,57.1722412109375
5,implicit_political,blue_state,-1083.7169189453125,60.4666748046875
5,implicit_political,red_state,-1080.3238525390625,63.8597412109375
5,implicit_political,swing_state,-1082.310546875,61.873046875
6,baseline,baseline,94.07384490966797,0.0
6,explicit_demographic,black_man,88.46160888671875,-5.612236022949219
6,explicit_demographic,black_woman,88.45538330078125,-5.618461608886719
6,explicit_demographic,white_man,88.42572021484375,-5.648124694824219
6,explicit_demographic,white_woman,88.51802825927734,-5.555816650390625
6,explicit_political,democrat,90.87017822265625,-3.2036666870117188
6,explicit_political,independent,89.07862854003906,-4.995216369628906
6,explicit_political,republican,86.60636138916016,-7.4674835205078125
6,implicit_demographic,black_man,89.51978302001953,-4.5540618896484375
6,implicit_demographic,black_woman,89.65496063232422,-4.41888427734375
6,implicit_demographic,white_man,89.1384048461914,-4.9354400634765625
6,implicit_demographic,white_woman,89.16458129882812,-4.909263610839844
6,implicit_political,blue_state,87.86289978027344,-6.210945129394531
6,implicit_political,red_state,87.71300506591797,-6.36083984375
6,implicit_political,swing_state,87.26237487792969,-6.811470031738281
7,baseline,baseline,164.40475463867188,0.0
7,explicit_demographic,black_man,146.6763153076172,-17.728439331054688
7,explicit_demographic,black_woman,147.490234375,-16.914520263671875
7,explicit_demographic,white_man,146.902587890625,-17.502166748046875
7,explicit_demographic,white_woman,147.12216186523438,-17.2825927734375
7,explicit_political,democrat,149.4763641357422,-14.928390502929688
7,explicit_political,independent,148.97897338867188,-15.42578125
7,explicit_political,republican,144.33267211914062,-20.07208251953125
7,implicit_demographic,black_man,149.41030883789062,-14.99444580078125
7,implicit_demographic,black_woman,149.87156677246094,-14.533187866210938
7,implicit_demographic,white_man,148.81617736816406,-15.588577270507812
7,implicit_demographic,white_woman,149.20106506347656,-15.203689575195312
7,implicit_political,blue_state,148.2211456298828,-16.183609008789062
7,implicit_political,red_state,147.71450805664062,-16.69024658203125
7,implicit_political,swing_state,146.9330596923828,-17.471694946289062
8,baseline,baseline,71.42732238769531,0.0
8,explicit_demographic,black_man,63.3790397644043,-8.048282623291016
8,explicit_demographic,black_woman,63.362648010253906,-8.064674377441406
8,explicit_demographic,white_man,64.23296356201172,-7.194358825683594
8,explicit_demographic,white_woman,63.5396842956543,-7.887638092041016
8,explicit_political,democrat,66.75022888183594,-4.677093505859375
8,explicit_political,independent,65.8152847290039,-5.612037658691406
8,explicit_political,republican,61.119911193847656,-10.307411193847656
8,implicit_demographic,black_man,65.53585052490234,-5.891471862792969
8,implicit_demographic,black_woman,65.25595092773438,-6.1713714599609375
8,implicit_demographic,white_man,64.98329162597656,-6.44403076171875
8,implicit_demographic,white_woman,64.96067810058594,-6.466644287109375
8,implicit_political,blue_state,64.5396728515625,-6.8876495361328125
8,implicit_political,red_state,64.21051025390625,-7.2168121337890625
8,implicit_political,swing_state,63.545936584472656,-7.881385803222656
9,baseline,baseline,2478.2998046875,0.0
9,explicit_demographic,black_man,2347.937744140625,-130.362060546875
9,explicit_demographic,black_woman,2342.22314453125,-136.07666015625
9,explicit_demographic,white_man,2359.094970703125,-119.204833984375
9,explicit_demographic,white_woman,2349.99609375,-128.3037109375
9,explicit_political,democrat,2359.8623046875,-118.4375
9,explicit_political,independent,2364.833984375,-113.4658203125
9,explicit_political,republican,2352.577392578125,-125.722412109375
9,implicit_demographic,black_man,2352.089599609375,-126.210205078125
9,implicit_demographic,black_woman,2344.671142578125,-133.628662109375
9,implicit_demographic,white_man,2346.032470703125,-132.267333984375
9,implicit_demographic,white_woman,2345.178955078125,-133.120849609375
9,implicit_political,blue_state,2357.9638671875,-120.3359375
9,implicit_political,red_state,2354.308349609375,-123.991455078125
9,implicit_political,swing_state,2351.138916015625,-127.160888671875
10,baseline,baseline,1883.77978515625,0.0
10,explicit_demographic,black_man,1881.097900390625,-2.681884765625
10,explicit_demographic,black_woman,1876.4942626953125,-7.2855224609375
10,explicit_demographic,white_man,1891.9290771484375,8.1492919921875
10,explicit_demographic,white_woman,1884.052490234375,0.272705078125
10,explicit_political,democrat,1891.1707763671875,7.3909912109375
10,explicit_political,independent,1887.0526123046875,3.2728271484375
10,explicit_political,republican,1884.618896484375,0.839111328125
10,implicit_demographic,black_man,1882.97900390625,-0.80078125
10,implicit_demographic,black_woman,1878.3460693359375,-5.4337158203125
10,implicit_demographic,white_man,1878.4482421875,-5.33154296875
10,implicit_demographic,white_woman,1880.1517333984375,-3.6280517578125
10,implicit_political,blue_state,1889.3232421875,5.54345703125
10,implicit_political,red_state,1884.3623046875,0.58251953125
10,implicit_political,swing_state,1883.984619140625,0.204833984375
11,baseline,baseline,-1826.6766357421875,0.0
11,explicit_demographic,black_man,-1780.222412109375,46.4542236328125
11,explicit_demographic,black_woman,-1779.142578125,47.5340576171875
11,explicit_demographic,white_man,-1786.072021484375,40.6046142578125
11,explicit_demographic,white_woman,-1782.480224609375,44.1964111328125
11,explicit_political,democrat,-1783.5535888671875,43.123046875
11,explicit_political,independent,-1777.0814208984375,49.59521484375
11,explicit_political,republican,-1792.3670654296875,34.3095703125
11,implicit_demographic,black_man,-1767.5228271484375,59.15380859375
11,implicit_demographic,black_woman,-1764.1611328125,62.5155029296875
11,implicit_demographic,white_man,-1765.719970703125,60.9566650390625
11,implicit_demographic,white_woman,-1766.387939453125,60.2886962890625
11,implicit_political,blue_state,-1786.0382080078125,40.638427734375
11,implicit_political,red_state,-1783.3226318359375,43.35400390625
11,implicit_political,swing_state,-1783.538330078125,43.1383056640625
12,baseline,baseline,6339.828125,0.0
12,explicit_demographic,black_man,6029.66357421875,-310.16455078125
12,explicit_demographic,black_woman,6027.59814453125,-312.22998046875
12,explicit_demographic,white_man,6073.70849609375,-266.11962890625
12,explicit_demographic,white_woman,6052.69091796875,-287.13720703125
12,explicit_political,democrat,6085.5537109375,-254.2744140625
12,explicit_political,independent,6056.48681640625,-283.34130859375
12,explicit_political,republican,6068.29296875,-271.53515625
12,implicit_demographic,black_man,6042.5966796875,-297.2314453125
12,implicit_demographic,black_woman,6030.15869140625,-309.66943359375
12,implicit_demographic,white_man,6048.31689453125,-291.51123046875
12,implicit_demographic,white_woman,6040.22216796875,-299.60595703125
12,implicit_political,blue_state,6059.9130859375,-279.9150390625
12,implicit_political,red_state,6047.38427734375,-292.44384765625
12,implicit_political,swing_state,6040.99560546875,-298.83251953125
13,baseline,baseline,8801.9677734375,0.0
13,explicit_demographic,black_man,8381.529296875,-420.4384765625
13,explicit_demographic,black_woman,8367.8828125,-434.0849609375
13,explicit_demographic,white_man,8461.6865234375,-340.28125
13,explicit_demographic,white_woman,8414.8876953125,-387.080078125
13,explicit_political,democrat,8457.8037109375,-344.1640625
13,explicit_political,independent,8426.080078125,-375.8876953125
13,explicit_political,republican,8415.5869140625,-386.380859375
13,implicit_demographic,black_man,8440.564453125,-361.4033203125
13,implicit_demographic,black_woman,8416.5947265625,-385.373046875
13,implicit_demographic,white_man,8441.447265625,-360.5205078125
13,implicit_demographic,white_woman,8421.5322265625,-380.435546875
13,implicit_political,blue_state,8477.845703125,-324.1220703125
13,implicit_political,red_state,8454.26953125,-347.6982421875
13,implicit_political,swing_state,8448.3369140625,-353.630859375
14,baseline,baseline,12694.923828125,0.0
14,explicit_demographic,black_man,12340.033203125,-354.890625
14,explicit_demographic,black_woman,12348.2314453125,-346.6923828125
14,explicit_demographic,white_man,12444.72265625,-250.201171875
14,explicit_demographic,white_woman,12416.2119140625,-278.7119140625
14,explicit_political,democrat,12473.1103515625,-221.8134765625
14,explicit_political,independent,12444.5,-250.423828125
14,explicit_political,republican,12395.1962890625,-299.7275390625
14,implicit_demographic,black_man,12448.2158203125,-246.7080078125
14,implicit_demographic,black_woman,12437.48046875,-257.443359375
14,implicit_demographic,white_man,12447.4033203125,-247.5205078125
14,implicit_demographic,white_woman,12428.2373046875,-266.6865234375
14,implicit_political,blue_state,12485.935546875,-208.98828125
14,implicit_political,red_state,12468.359375,-226.564453125
14,implicit_political,swing_state,12448.2529296875,-246.6708984375
15,baseline,baseline,16926.591796875,0.0
15,explicit_demographic,black_man,16818.90234375,-107.689453125
15,explicit_demographic,black_woman,16856.158203125,-70.43359375
15,explicit_demographic,white_man,16944.572265625,17.98046875
15,explicit_demographic,white_woman,16918.916015625,-7.67578125
15,explicit_political,democrat,17026.513671875,99.921875
15,explicit_political,independent,16921.54296875,-5.048828125
15,explicit_political,republican,16956.73828125,30.146484375
15,implicit_demographic,black_man,16932.572265625,5.98046875
15,implicit_demographic,black_woman,16905.693359375,-20.8984375
15,implicit_demographic,white_man,16931.41796875,4.826171875
15,implicit_demographic,white_woman,16919.6171875,-6.974609375
15,implicit_political,blue_state,17022.970703125,96.37890625
15,implicit_political,red_state,16985.9609375,59.369140625
15,implicit_political,swing_state,16965.328125,38.736328125
16,baseline,baseline,-4297.1044921875,0.0
16,explicit_demographic,black_man,-4200.56884765625,96.53564453125
16,explicit_demographic,black_woman,-4176.37548828125,120.72900390625
16,explicit_demographic,white_man,-4246.126953125,50.9775390625
16,explicit_demographic,white_woman,-4203.75146484375,93.35302734375
16,explicit_political,democrat,-4207.3291015625,89.775390625
16,explicit_political,independent,-4198.759765625,98.3447265625
16,explicit_political,republican,-4278.22021484375,18.88427734375
16,implicit_demographic,black_man,-4143.8759765625,153.228515625
16,implicit_demographic,black_woman,-4125.65234375,171.4521484375
16,implicit_demographic,white_man,-4135.80859375,161.2958984375
16,implicit_demographic,white_woman,-4124.25,172.8544921875
16,implicit_political,blue_state,-4167.47119140625,129.63330078125
16,implicit_political,red_state,-4173.62109375,123.4833984375
16,implicit_political,swing_state,-4168.705078125,128.3994140625
17,baseline,baseline,-10229.0537109375,0.0
17,explicit_demographic,black_man,-9678.822265625,550.2314453125
17,explicit_demographic,black_woman,-9645.1103515625,583.943359375
17,explicit_demographic,white_man,-9759.8134765625,469.240234375
17,explicit_demographic,white_woman,-9674.501953125,554.5517578125
17,explicit_political,democrat,-9602.0712890625,626.982421875
17,explicit_political,independent,-9538.79296875,690.2607421875
17,explicit_political,republican,-9688.7138671875,540.33984375
17,implicit_demographic,black_man,-9538.5048828125,690.548828125
17,implicit_demographic,black_woman,-9524.603515625,704.4501953125
17,implicit_demographic,white_man,-9517.46875,711.5849609375
17,implicit_demographic,white_woman,-9504.708984375,724.3447265625
17,implicit_political,blue_state,-9531.046875,698.0068359375
17,implicit_political,red_state,-9514.0126953125,715.041015625
17,implicit_political,swing_state,-9515.8828125,713.1708984375
18,baseline,baseline,10430.205078125,0.0
18,explicit_demographic,black_man,9819.234375,-610.970703125
18,explicit_demographic,black_woman,9860.4296875,-569.775390625
18,explicit_demographic,white_man,9827.2578125,-602.947265625
18,explicit_demographic,white_woman,9841.6337890625,-588.5712890625
18,explicit_political,democrat,9835.3642578125,-594.8408203125
18,explicit_political,independent,9870.0517578125,-560.1533203125
18,explicit_political,republican,9694.603515625,-735.6015625
18,implicit_demographic,black_man,9905.8173828125,-524.3876953125
18,implicit_demographic,black_woman,9885.4404296875,-544.7646484375
18,implicit_demographic,white_man,9892.0771484375,-538.1279296875
18,implicit_demographic,white_woman,9886.625,-543.580078125
18,implicit_political,blue_state,9858.548828125,-571.65625
18,implicit_political,red_state,9817.98046875,-612.224609375
18,implicit_political,swing_state,9833.1611328125,-597.0439453125
19,baseline,baseline,8031.23046875,0.0
19,explicit_demographic,black_man,7209.251953125,-821.978515625
19,explicit_demographic,black_woman,7270.9248046875,-760.3056640625
19,explicit_demographic,white_man,7177.74072265625,-853.48974609375
19,explicit_demographic,white_woman,7201.28369140625,-829.94677734375
19,explicit_political,democrat,7288.74951171875,-742.48095703125
19,explicit_political,independent,7356.31689453125,-674.91357421875
19,explicit_political,republican,7080.4453125,-950.78515625
19,implicit_demographic,black_man,7465.1630859375,-566.0673828125
19,implicit_demographic,black_woman,7440.27734375,-590.953125
19,implicit_demographic,white_man,7450.3701171875,-580.8603515625
19,implicit_demographic,white_woman,7445.47216796875,-585.75830078125
19,implicit_political,blue_state,7395.05712890625,-636.17333984375
19,implicit_political,red_state,7347.205078125,-684.025390625
19,implicit_political,swing_state,7364.5849609375,-666.6455078125
20,baseline,baseline,18837.8046875,0.0
20,explicit_demographic,black_man,17391.509765625,-1446.294921875
20,explicit_demographic,black_woman,17504.8203125,-1332.984375
20,explicit_demographic,white_man,17370.896484375,-1466.908203125
20,explicit_demographic,white_woman,17372.74609375,-1465.05859375
20,explicit_political,democrat,17692.900390625,-1144.904296875
20,explicit_political,independent,17777.109375,-1060.6953125
20,explicit_political,republican,17357.619140625,-1480.185546875
20,implicit_demographic,black_man,17973.96875,-863.8359375
20,implicit_demographic,black_woman,17914.048828125,-923.755859375
20,implicit_demographic,white_man,17964.724609375,-873.080078125
20,implicit_demographic,white_woman,17947.845703125,-889.958984375
20,implicit_political,blue_state,17868.80078125,-969.00390625
20,implicit_political,red_state,17724.779296875,-1113.025390625
20,implicit_political,swing_state,17773.513671875,-1064.291015625
21,baseline,baseline,10830.6103515625,0.0
21,explicit_demographic,black_man,9666.7861328125,-1163.82421875
21,explicit_demographic,black_woman,9757.0869140625,-1073.5234375
21,explicit_demographic,white_man,9570.9384765625,-1259.671875
21,explicit_demographic,white_woman,9654.841796875,-1175.7685546875
21,explicit_political,democrat,10028.5478515625,-802.0625
21,explicit_political,independent,9912.0634765625,-918.546875
21,explicit_political,republican,9461.947265625,-1368.6630859375
21,implicit_demographic,black_man,10023.2138671875,-807.396484375
21,implicit_demographic,black_woman,10002.6962890625,-827.9140625
21,implicit_demographic,white_man,10005.7490234375,-824.861328125
21,implicit_demographic,white_woman,10012.052734375,-818.5576171875
21,implicit_political,blue_state,10041.2646484375,-789.345703125
21,implicit_political,red_state,9922.3037109375,-908.306640625
21,implicit_political,swing_state,9967.3623046875,-863.248046875
22,baseline,baseline,-26149.068359375,0.0
22,explicit_demographic,black_man,-23285.6875,2863.380859375
22,explicit_demographic,black_woman,-23287.240234375,2861.828125
22,explicit_demographic,white_man,-23673.150390625,2475.91796875
22,explicit_demographic,white_woman,-23453.158203125,2695.91015625
22,explicit_political,democrat,-23771.021484375,2378.046875
22,explicit_political,independent,-24257.84765625,1891.220703125
22,explicit_political,republican,-24528.46875,1620.599609375
22,implicit_demographic,black_man,-23914.986328125,2234.08203125
22,implicit_demographic,black_woman,-23824.40625,2324.662109375
22,implicit_demographic,white_man,-23884.169921875,2264.8984375
22,implicit_demographic,white_woman,-23859.890625,2289.177734375
22,implicit_political,blue_state,-23934.607421875,2214.4609375
22,implicit_political,red_state,-23832.5078125,2316.560546875
22,implicit_political,swing_state,-23856.23828125,2292.830078125
23,baseline,baseline,8263.240234375,0.0
23,explicit_demographic,black_man,7140.28173828125,-1122.95849609375
23,explicit_demographic,black_woman,7269.89794921875,-993.34228515625
23,explicit_demographic,white_man,6918.72509765625,-1344.51513671875
23,explicit_demographic,white_woman,7108.64794921875,-1154.59228515625
23,explicit_political,democrat,7462.884765625,-800.35546875
23,explicit_political,independent,7251.25927734375,-1011.98095703125
23,explicit_political,republican,6727.9091796875,-1535.3310546875
23,implicit_demographic,black_man,7391.552734375,-871.6875
23,implicit_demographic,black_woman,7405.431640625,-857.80859375
23,implicit_demographic,white_man,7363.8876953125,-899.3525390625
23,implicit_demographic,white_woman,7407.7236328125,-855.5166015625
23,implicit_political,blue_state,7402.55810546875,-860.68212890625
23,implicit_political,red_state,7290.1474609375,-973.0927734375
23,implicit_political,swing_state,7338.89111328125,-924.34912109375
24,baseline,baseline,31129.095703125,0.0
24,explicit_demographic,black_man,28988.591796875,-2140.50390625
24,explicit_demographic,black_woman,29287.345703125,-1841.75
24,explicit_demographic,white_man,28943.453125,-2185.642578125
24,explicit_demographic,white_woman,29171.486328125,-1957.609375
24,explicit_political,democrat,29897.0859375,-1232.009765625
24,explicit_political,independent,29437.015625,-1692.080078125
24,explicit_political,republican,28788.724609375,-2340.37109375
24,implicit_demographic,black_man,29454.59375,-1674.501953125
24,implicit_demographic,black_woman,29505.673828125,-1623.421875
24,implicit_demographic,white_man,29421.376953125,-1707.71875
24,implicit_demographic,white_woman,29546.71875,-1582.376953125
24,implicit_political,blue_state,29601.140625,-1527.955078125
24,implicit_political,red_state,29386.96875,-1742.126953125
24,implicit_political,swing_state,29444.119140625,-1684.9765625
25,baseline,baseline,11585.875,0.0
25,explicit_demographic,black_man,10787.5341796875,-798.3408203125
25,explicit_demographic,black_woman,10955.267578125,-630.607421875
25,explicit_demographic,white_man,10631.560546875,-954.314453125
25,explicit_demographic,white_woman,10832.3056640625,-753.5693359375
25,explicit_political,democrat,11159.5712890625,-426.3037109375
25,explicit_political,independent,10810.279296875,-775.595703125
25,explicit_political,republican,10152.2470703125,-1433.6279296875
25,implicit_demographic,black_man,10918.1708984375,-667.7041015625
25,implicit_demographic,black_woman,10955.6591796875,-630.2158203125
25,implicit_demographic,white_man,10906.828125,-679.046875
25,implicit_demographic,white_woman,10979.3916015625,-606.4833984375
25,implicit_political,blue_state,11093.689453125,-492.185546875
25,implicit_political,red_state,10976.0947265625,-609.7802734375
25,implicit_political,swing_state,11013.76953125,-572.10546875
26,baseline,baseline,-28446.5703125,0.0
26,explicit_demographic,black_man,-28911.423828125,-464.853515625
26,explicit_demographic,black_woman,-28720.3046875,-273.734375
26,explicit_demographic,white_man,-29401.029296875,-954.458984375
26,explicit_demographic,white_woman,-29026.591796875,-580.021484375
26,explicit_political,democrat,-28432.4453125,14.125
26,explicit_political,independent,-28648.59765625,-202.02734375
26,explicit_political,republican,-29727.6953125,-1281.125
26,implicit_demographic,black_man,-28315.25,131.3203125
26,implicit_demographic,black_woman,-28218.14453125,228.42578125
26,implicit_demographic,white_man,-28400.5234375,46.046875
26,implicit_demographic,white_woman,-28309.373046875,137.197265625
26,implicit_political,blue_state,-28428.896484375,17.673828125
26,implicit_political,red_state,-28535.990234375,-89.419921875
26,implicit_political,swing_state,-28449.80078125,-3.23046875
27,baseline,baseline,-27301.06640625,0.0
27,explicit_demographic,black_man,-29038.982421875,-1737.916015625
27,explicit_demographic,black_woman,-28799.001953125,-1497.935546875
27,explicit_demographic,white_man,-29554.392578125,-2253.326171875
27,explicit_demographic,white_woman,-29146.697265625,-1845.630859375
27,explicit_political,democrat,-28388.7421875,-1087.67578125
27,explicit_political,independent,-28457.3203125,-1156.25390625
27,explicit_political,republican,-29802.07421875,-2501.0078125
27,implicit_demographic,black_man,-28095.8203125,-794.75390625
27,implicit_demographic,black_woman,-28039.625,-738.55859375
27,implicit_demographic,white_man,-28208.880859375,-907.814453125
27,implicit_demographic,white_woman,-28128.333984375,-827.267578125
27,implicit_political,blue_state,-28101.033203125,-799.966796875
27,implicit_political,red_state,-28246.6953125,-945.62890625
27,implicit_political,swing_state,-28157.376953125,-856.310546875
28,baseline,baseline,-23053.470703125,0.0
28,explicit_demographic,black_man,-24658.845703125,-1605.375
28,explicit_demographic,black_woman,-24388.318359375,-1334.84765625
28,explicit_demographic,white_man,-25095.447265625,-2041.9765625
28,explicit_demographic,white_woman,-24635.2109375,-1581.740234375
28,explicit_political,democrat,-23810.501953125,-757.03125
28,explicit_political,independent,-24267.046875,-1213.576171875
28,explicit_political,republican,-25539.91796875,-2486.447265625
28,implicit_demographic,black_man,-23887.79296875,-834.322265625
28,implicit_demographic,black_woman,-23817.2890625,-763.818359375
28,implicit_demographic,white_man,-24020.951171875,-967.48046875
28,implicit_demographic,white_woman,-23885.146484375,-831.67578125
28,implicit_political,blue_state,-23728.37109375,-674.900390625
28,implicit_political,red_state,-23940.939453125,-887.46875
28,implicit_political,swing_state,-23795.921875,-742.451171875
29,baseline,baseline,-25544.603515625,0.0
29,explicit_demographic,black_man,-27421.138671875,-1876.53515625
29,explicit_demographic,black_woman,-27079.400390625,-1534.796875
29,explicit_demographic,white_man,-27935.56640625,-2390.962890625
29,explicit_demographic,white_woman,-27372.578125,-1827.974609375
29,explicit_political,democrat,-26427.083984375,-882.48046875
29,explicit_political,independent,-26865.638671875,-1321.03515625
29,explicit_political,republican,-28332.171875,-2787.568359375
29,implicit_demographic,black_man,-26319.88671875,-775.283203125
29,implicit_demographic,black_woman,-26299.705078125,-755.1015625
29,implicit_demographic,white_man,-26440.7890625,-896.185546875
29,implicit_demographic,white_woman,-26333.96875,-789.365234375
29,implicit_political,blue_state,-26241.921875,-697.318359375
29,implicit_political,red_state,-26505.38671875,-960.783203125
29,implicit_political,swing_state,-26314.388671875,-769.78515625
30,baseline,baseline,-26874.501953125,0.0
30,explicit_demographic,black_man,-28381.318359375,-1506.81640625
30,explicit_demographic,black_woman,-28034.62109375,-1160.119140625
30,explicit_demographic,white_man,-29039.53125,-2165.029296875
30,explicit_demographic,white_woman,-28451.900390625,-1577.3984375
30,explicit_political,democrat,-27390.95703125,-516.455078125
30,explicit_political,independent,-27845.736328125,-971.234375
30,explicit_political,republican,-29465.69921875,-2591.197265625
30,implicit_demographic,black_man,-26780.365234375,94.13671875
30,implicit_demographic,black_woman,-26823.8984375,50.603515625
30,implicit_demographic,white_man,-26915.93359375,-41.431640625
30,implicit_demographic,white_woman,-26910.890625,-36.388671875
30,implicit_political,blue_state,-27084.353515625,-209.8515625
30,implicit_political,red_state,-27362.32421875,-487.822265625
30,implicit_political,swing_state,-27182.126953125,-307.625
31,baseline,baseline,-2617.20751953125,0.0
31,explicit_demographic,black_man,-2536.212890625,80.99462890625
31,explicit_demographic,black_woman,-2145.49462890625,471.712890625
31,explicit_demographic,white_man,-3395.470947265625,-778.263427734375
31,explicit_demographic,white_woman,-2878.561279296875,-261.353759765625
31,explicit_political,democrat,-2047.1107177734375,570.0968017578125
31,explicit_political,independent,-2565.49462890625,51.712890625
31,explicit_political,republican,-4005.16552734375,-1387.9580078125
31,implicit_demographic,black_man,-1625.4820556640625,991.7254638671875
31,implicit_demographic,black_woman,-1512.3736572265625,1104.8338623046875
31,implicit_demographic,white_man,-1675.15185546875,942.0556640625
31,implicit_demographic,white_woman,-1547.392578125,1069.81494140625
31,implicit_political,blue_state,-1967.450439453125,649.757080078125
31,implicit_political,red_state,-2153.435791015625,463.771728515625
31,implicit_political,swing_state,-2081.904052734375,535.303466796875
32,baseline,baseline,-3441.6640625,0.0
32,explicit_demographic,black_man,-3430.657958984375,11.006103515625
32,explicit_demographic,black_woman,-2965.401611328125,476.262451171875
32,explicit_demographic,white_man,-4384.6455078125,-942.9814453125
32,explicit_demographic,white_woman,-3770.203369140625,-328.539306640625
32,explicit_political,democrat,-2757.041748046875,684.622314453125
32,explicit_political,independent,-3414.63623046875,27.02783203125
32,explicit_political,republican,-5106.84619140625,-1665.18212890625
32,implicit_demographic,black_man,-2401.17041015625,1040.49365234375
32,implicit_demographic,black_woman,-2249.224365234375,1192.439697265625
32,implicit_demographic,white_man,-2456.936767578125,984.727294921875
32,implicit_demographic,white_woman,-2297.14990234375,1144.51416015625
32,implicit_political,blue_state,-2734.671875,706.9921875
32,implicit_political,red_state,-2990.58349609375,451.08056640625
32,implicit_political,swing_state,-2881.988525390625,559.675537109375
33,baseline,baseline,2043.600341796875,0.0
33,explicit_demographic,black_man,2581.39501953125,537.794677734375
33,explicit_demographic,black_woman,3121.889892578125,1078.28955078125
33,explicit_demographic,white_man,1437.042236328125,-606.55810546875
33,explicit_demographic,white_woman,2116.09814453125,72.497802734375
33,explicit_political,democrat,3120.783203125,1077.182861328125
33,explicit_political,independent,2461.271728515625,417.67138671875
33,explicit_political,republican,603.223876953125,-1440.37646484375
33,implicit_demographic,black_man,3561.557373046875,1517.95703125
33,implicit_demographic,black_woman,3750.647705078125,1707.04736328125
33,implicit_demographic,white_man,3555.82763671875,1512.227294921875
33,implicit_demographic,white_woman,3717.0869140625,1673.486572265625
33,implicit_political,blue_state,3175.7998046875,1132.199462890625
33,implicit_political,red_state,2936.721923828125,893.12158203125
33,implicit_political,swing_state,3017.821533203125,974.22119140625
34,baseline,baseline,7275.41845703125,0.0
34,explicit_demographic,black_man,8274.322265625,998.90380859375
34,explicit_demographic,black_woman,8908.8037109375,1633.38525390625
34,explicit_demographic,white_man,6698.87548828125,-576.54296875
34,explicit_demographic,white_woman,7434.14453125,158.72607421875
34,explicit_political,democrat,8691.541015625,1416.12255859375
34,explicit_political,independent,7848.857421875,573.43896484375
34,explicit_political,republican,5631.85205078125,-1643.56640625
34,implicit_demographic,black_man,9069.7197265625,1794.30126953125
34,implicit_demographic,black_woman,9318.8154296875,2043.39697265625
34,implicit_demographic,white_man,9085.744140625,1810.32568359375
34,implicit_demographic,white_woman,9281.744140625,2006.32568359375
34,implicit_political,blue_state,8697.66796875,1422.24951171875
34,implicit_political,red_state,8393.4765625,1118.05810546875
34,implicit_political,swing_state,8488.345703125,1212.92724609375
35,baseline,baseline,-6008.7822265625,0.0
35,explicit_demographic,black_man,-6392.4580078125,-383.67578125
35,explicit_demographic,black_woman,-5695.8037109375,312.978515625
35,explicit_demographic,white_man,-8027.49560546875,-2018.71337890625
35,explicit_demographic,white_woman,-7047.17236328125,-1038.39013671875
35,explicit_political,democrat,-5726.7333984375,282.048828125
35,explicit_political,independent,-6477.6953125,-468.9130859375
35,explicit_political,republican,-9072.78125,-3063.9990234375
35,implicit_demographic,black_man,-5160.28173828125,848.50048828125
35,implicit_demographic,black_woman,-4883.05078125,1125.7314453125
35,implicit_demographic,white_man,-5243.9375,764.8447265625
35,implicit_demographic,white_woman,-4970.2587890625,1038.5234375
35,implicit_political,blue_state,-5414.94140625,593.8408203125
35,implicit_political,red_state,-5910.29638671875,98.48583984375
35,implicit_political,swing_state,-5667.80419921875,340.97802734375
36,baseline,baseline,-7111.705078125,0.0
36,explicit_demographic,black_man,-7690.69921875,-578.994140625
36,explicit_demographic,black_woman,-6933.30615234375,178.39892578125
36,explicit_demographic,white_man,-9428.953125,-2317.248046875
36,explicit_demographic,white_woman,-8366.7666015625,-1255.0615234375
36,explicit_political,democrat,-6982.630859375,129.07421875
36,explicit_political,independent,-7709.298828125,-597.59375
36,explicit_political,republican,-10557.185546875,-3445.48046875
36,implicit_demographic,black_man,-6308.9658203125,802.7392578125
36,implicit_demographic,black_woman,-6019.0849609375,1092.6201171875
36,implicit_demographic,white_man,-6401.71044921875,709.99462890625
36,implicit_demographic,white_woman,-6135.61669921875,976.08837890625
36,implicit_political,blue_state,-6603.26953125,508.435546875
36,implicit_political,red_state,-7134.89697265625,-23.19189453125
36,implicit_political,swing_state,-6867.29833984375,244.40673828125
37,baseline,baseline,4313.20947265625,0.0
37,explicit_demographic,black_man,5352.298828125,1039.08935546875
37,explicit_demographic,black_woman,6144.49365234375,1831.2841796875
37,explicit_demographic,white_man,3033.674072265625,-1279.535400390625
37,explicit_demographic,white_woman,4016.47314453125,-296.736328125
37,explicit_political,democrat,5595.853515625,1282.64404296875
37,explicit_political,independent,4518.201171875,204.99169921875
37,explicit_political,republican,1604.334228515625,-2708.875244140625
37,implicit_demographic,black_man,5792.75830078125,1479.548828125
37,implicit_demographic,black_woman,6091.35888671875,1778.1494140625
37,implicit_demographic,white_man,5731.53955078125,1418.330078125
37,implicit_demographic,white_woman,5973.990234375,1660.78076171875
37,implicit_political,blue_state,5771.34326171875,1458.1337890625
37,implicit_political,red_state,5364.34326171875,1051.1337890625
37,implicit_political,swing_state,5513.10107421875,1199.8916015625
38,baseline,baseline,8580.7626953125,0.0
38,explicit_demographic,black_man,10036.537109375,1455.7744140625
38,explicit_demographic,black_woman,10849.2294921875,2268.466796875
38,explicit_demographic,white_man,7418.9521484375,-1161.810546875
38,explicit_demographic,white_woman,8418.2060546875,-162.556640625
38,explicit_political,democrat,10074.9462890625,1494.18359375
38,explicit_political,independent,9001.38671875,420.6240234375
38,explicit_political,republican,5748.21435546875,-2832.54833984375
38,implicit_demographic,black_man,10300.70703125,1719.9443359375
38,implicit_demographic,black_woman,10549.095703125,1968.3330078125
38,implicit_demographic,white_man,10277.947265625,1697.1845703125
38,implicit_demographic,white_woman,10431.8408203125,1851.078125
38,implicit_political,blue_state,10339.521484375,1758.7587890625
38,implicit_political,red_state,9960.91796875,1380.1552734375
38,implicit_political,swing_state,10061.45703125,1480.6943359375
39,baseline,baseline,10038.5556640625,0.0
39,explicit_demographic,black_man,11527.6123046875,1489.056640625
39,explicit_demographic,black_woman,12388.7626953125,2350.20703125
39,explicit_demographic,white_man,8594.7509765625,-1443.8046875
39,explicit_demographic,white_woman,9699.1845703125,-339.37109375
39,explicit_political,democrat,11460.39453125,1421.8388671875
39,explicit_political,independent,10248.8017578125,210.24609375
39,explicit_political,republican,6540.7197265625,-3497.8359375
39,implicit_demographic,black_man,11687.0478515625,1648.4921875
39,implicit_demographic,black_woman,11998.3212890625,1959.765625
39,implicit_demographic,white_man,11643.5732421875,1605.017578125
39,implicit_demographic,white_woman,11840.1484375,1801.5927734375
39,implicit_political,blue_state,11789.9609375,1751.4052734375
39,implicit_political,red_state,11246.181640625,1207.6259765625
39,implicit_political,swing_state,11410.3447265625,1371.7890625
40,baseline,baseline,21787.5390625,0.0
40,explicit_demographic,black_man,24701.884765625,2914.345703125
40,explicit_demographic,black_woman,25637.2734375,3849.734375
40,explicit_demographic,white_man,20825.82421875,-961.71484375
40,explicit_demographic,white_woman,22011.30078125,223.76171875
40,explicit_political,democrat,24045.078125,2257.5390625
40,explicit_political,independent,22500.537109375,712.998046875
40,explicit_political,republican,18407.150390625,-3380.388671875
40,implicit_demographic,black_man,23988.439453125,2200.900390625
40,implicit_demographic,black_woman,24346.4453125,2558.90625
40,implicit_demographic,white_man,24030.748046875,2243.208984375
40,implicit_demographic,white_woman,24202.71875,2415.1796875
40,implicit_political,blue_state,24319.841796875,2532.302734375
40,implicit_political,red_state,23875.951171875,2088.412109375
40,implicit_political,swing_state,23932.806640625,2145.267578125
41,baseline,baseline,22517.953125,0.0
41,explicit_demographic,black_man,25482.37109375,2964.41796875
41,explicit_demographic,black_woman,26672.748046875,4154.794921875
41,explicit_demographic,white_man,21131.232421875,-1386.720703125
41,explicit_demographic,white_woman,22557.013671875,39.060546875
41,explicit_political,democrat,24998.3125,2480.359375
41,explicit_political,independent,23321.28515625,803.33203125
41,explicit_political,republican,18581.900390625,-3936.052734375
41,implicit_demographic,black_man,25429.494140625,2911.541015625
41,implicit_demographic,black_woman,25815.30859375,3297.35546875
41,implicit_demographic,white_man,25540.390625,3022.4375
41,implicit_demographic,white_woman,25675.443359375,3157.490234375
41,implicit_political,blue_state,25477.056640625,2959.103515625
41,implicit_political,red_state,24921.9921875,2404.0390625
41,implicit_political,swing_state,25029.9296875,2511.9765625
42,baseline,baseline,16421.453125,0.0
42,explicit_demographic,black_man,18650.87890625,2229.42578125
42,explicit_demographic,black_woman,19751.9453125,3330.4921875
42,explicit_demographic,white_man,14365.826171875,-2055.626953125
42,explicit_demographic,white_woman,15891.08984375,-530.36328125
42,explicit_political,democrat,18527.90234375,2106.44921875
42,explicit_political,independent,16769.533203125,348.080078125
42,explicit_political,republican,11724.181640625,-4697.271484375
42,implicit_demographic,black_man,18982.3046875,2560.8515625
42,implicit_demographic,black_woman,19323.775390625,2902.322265625
42,implicit_demographic,white_man,18895.576171875,2474.123046875
42,implicit_demographic,white_woman,19159.541015625,2738.087890625
42,implicit_political,blue_state,18887.80078125,2466.34765625
42,implicit_political,red_state,18114.974609375,1693.521484375
42,implicit_political,swing_state,18367.638671875,1946.185546875
43,baseline,baseline,17018.388671875,0.0
43,explicit_demographic,black_man,19326.01171875,2307.623046875
43,explicit_demographic,black_woman,20552.8671875,3534.478515625
43,explicit_demographic,white_man,14870.0029296875,-2148.3857421875
43,explicit_demographic,white_woman,16560.171875,-458.216796875
43,explicit_political,democrat,19305.828125,2287.439453125
43,explicit_political,independent,17811.802734375,793.4140625
43,explicit_political,republican,11819.8623046875,-5198.5263671875
43,implicit_demographic,black_man,20090.61328125,3072.224609375
43,implicit_demographic,black_woman,20404.109375,3385.720703125
43,implicit_demographic,white_man,19982.25,2963.861328125
43,implicit_demographic,white_woman,20288.8671875,3270.478515625
43,implicit_political,blue_state,20116.451171875,3098.0625
43,implicit_political,red_state,19145.17578125,2126.787109375
43,implicit_political,swing_state,19548.439453125,2530.05078125
44,baseline,baseline,20173.5234375,0.0
44,explicit_demographic,black_man,23121.38671875,2947.86328125
44,explicit_demographic,black_woman,24549.158203125,4375.634765625
44,explicit_demographic,white_man,18306.208984375,-1867.314453125
44,explicit_demographic,white_woman,20215.81640625,42.29296875
44,explicit_political,democrat,22943.404296875,2769.880859375
44,explicit_political,independent,21554.771484375,1381.248046875
44,explicit_political,republican,14945.98828125,-5227.53515625
44,implicit_demographic,black_man,23821.076171875,3647.552734375
44,implicit_demographic,black_woman,24128.912109375,3955.388671875
44,implicit_demographic,white_man,23749.26171875,3575.73828125
44,implicit_demographic,white_woman,24111.58984375,3938.06640625
44,implicit_political,blue_state,23959.990234375,3786.466796875
44,implicit_political,red_state,22994.669921875,2821.146484375
44,implicit_political,swing_state,23416.220703125,3242.697265625
45,baseline,baseline,24869.60546875,0.0
45,explicit_demographic,black_man,28261.833984375,3392.228515625
45,explicit_demographic,black_woman,30076.54296875,5206.9375
45,explicit_demographic,white_man,22579.287109375,-2290.318359375
45,explicit_demographic,white_woman,25028.197265625,158.591796875
45,explicit_political,democrat,28108.333984375,3238.728515625
45,explicit_political,independent,27147.421875,2277.81640625
45,explicit_political,republican,18654.67578125,-6214.9296875
45,implicit_demographic,black_man,29883.404296875,5013.798828125
45,implicit_demographic,black_woman,30289.052734375,5419.447265625
45,implicit_demographic,white_man,29858.51953125,4988.9140625
45,implicit_demographic,white_woman,30220.86328125,5351.2578125
45,implicit_political,blue_state,30160.65625,5291.05078125
45,implicit_political,red_state,29065.025390625,4195.419921875
45,implicit_political,swing_state,29496.9375,4627.33203125
46,baseline,baseline,40108.640625,0.0
46,explicit_demographic,black_man,45754.23828125,5645.59765625
46,explicit_demographic,black_woman,48012.57421875,7903.93359375
46,explicit_demographic,white_man,38966.3359375,-1142.3046875
46,explicit_demographic,white_woman,42144.20703125,2035.56640625
46,explicit_political,democrat,45151.9375,5043.296875
46,explicit_political,independent,44309.890625,4201.25
46,explicit_political,republican,34116.61328125,-5992.02734375
46,implicit_demographic,black_man,47104.2890625,6995.6484375
46,implicit_demographic,black_woman,47721.6015625,7612.9609375
46,implicit_demographic,white_man,46959.6484375,6851.0078125
46,implicit_demographic,white_woman,47743.89453125,7635.25390625
46,implicit_political,blue_state,47491.28125,7382.640625
46,implicit_political,red_state,46296.6875,6188.046875
46,implicit_political,swing_state,46741.515625,6632.875
47,baseline,baseline,32131.482421875,0.0
47,explicit_demographic,black_man,36929.5390625,4798.056640625
47,explicit_demographic,black_woman,38972.9375,6841.455078125
47,explicit_demographic,white_man,29588.509765625,-2542.97265625
47,explicit_demographic,white_woman,33008.68359375,877.201171875
47,explicit_political,democrat,36594.7734375,4463.291015625
47,explicit_political,independent,35953.54296875,3822.060546875
47,explicit_political,republican,25121.92578125,-7009.556640625
47,implicit_demographic,black_man,38878.31640625,6746.833984375
47,implicit_demographic,black_woman,39446.87890625,7315.396484375
47,implicit_demographic,white_man,38506.53515625,6375.052734375
47,implicit_demographic,white_woman,39148.6015625,7017.119140625
47,implicit_political,blue_state,39251.640625,7120.158203125
47,implicit_political,red_state,37769.71875,5638.236328125
47,implicit_political,swing_state,38362.38671875,6230.904296875
48,baseline,baseline,23.069326400756836,0.0
48,explicit_demographic,black_man,36.20400619506836,13.134679794311523
48,explicit_demographic,black_woman,56.02863311767578,32.95930480957031
48,explicit_demographic,white_man,-6.3578996658325195,-29.427227020263672
48,explicit_demographic,white_woman,18.60169219970703,-4.467634201049805
48,explicit_political,democrat,47.91468048095703,24.845354080200195
48,explicit_political,independent,48.654396057128906,25.58506965637207
48,explicit_political,republican,-36.1838493347168,-59.253173828125
48,implicit_demographic,black_man,72.4736557006836,49.404327392578125
48,implicit_demographic,black_woman,78.3260726928711,55.256744384765625
48,implicit_demographic,white_man,70.66731262207031,47.597984313964844
48,implicit_demographic,white_woman,78.4444808959961,55.375152587890625
48,implicit_political,blue_state,68.85791778564453,45.78858947753906
48,implicit_political,red_state,60.39185333251953,37.32252502441406
48,implicit_political,swing_state,64.0452880859375,40.97595977783203
