layer,chance,label_to_name,boot_lo,boot_hi,boot_se,reps
0,0.25,0.25,0.25,0.25,0.0,1000
1,0.25,0.35964912280701755,0.3412280701754386,0.37807017543859645,0.009491030721248694,1000
2,0.25,0.26228070175438595,0.256140350877193,0.2692982456140351,0.0034352158686425695,1000
3,0.25,0.3026315789473684,0.2850657894736842,0.3192982456140351,0.008722962521269789,1000
4,0.25,0.393859649122807,0.37456140350877193,0.4149122807017544,0.010661224147704507,1000
5,0.25,0.5692982456140351,0.5429385964912281,0.5929824561403509,0.013394606651769317,1000
6,0.25,0.37543859649122807,0.35964912280701755,0.39210526315789473,0.00820588650064532,1000
7,0.25,0.39210526315789473,0.3815570175438596,0.4017543859649123,0.005473092718911965,1000
8,0.25,0.3192982456140351,0.3078947368421053,0.3298245614035088,0.005549223666011519,1000
9,0.25,0.25,0.25,0.25,0.0,1000
10,0.25,0.26842105263157895,0.2614035087719298,0.2754385964912281,0.0037724248812062993,1000
11,0.25,0.25,0.25,0.25,0.0,1000
12,0.25,0.2535087719298246,0.25,0.26052631578947366,0.0027398390488853775,1000
13,0.25,0.25087719298245614,0.25,0.25263157894736843,0.0008464808663133693,1000
14,0.25,0.25,0.25,0.25,0.0,1000
15,0.25,0.3833333333333333,0.35173245614035087,0.41581140350877194,0.016440243930489398,1000
16,0.25,0.5798245614035088,0.5543859649122806,0.6052631578947368,0.013158479402097932,1000
17,0.25,0.6114035087719298,0.5807017543859649,0.6386184210526316,0.015367305115116848,1000
18,0.25,0.6026315789473684,0.5859429824561404,0.6210526315789473,0.008748472226553073,1000
19,0.25,0.6368421052631579,0.6236842105263157,0.6491447368421053,0.006658495540553561,1000
20,0.25,0.6517543859649122,0.6385964912280702,0.6657894736842105,0.007009151286914742,1000
21,0.25,0.6517543859649123,0.6350657894736842,0.6684210526315789,0.008472764031179579,1000
22,0.25,0.6631578947368421,0.6482456140350877,0.6771929824561403,0.007543571666950867,1000
23,0.25,0.6903508771929825,0.6710526315789475,0.7096491228070175,0.009828921940179232,1000
24,0.25,0.6456140350877193,0.6149122807017544,0.6763157894736842,0.015734669258003615,1000
25,0.25,0.6412280701754386,0.6175438596491227,0.6684210526315789,0.012659897648303848,1000
26,0.25,0.637719298245614,0.6148903508771929,0.6614035087719298,0.012308002499269055,1000
27,0.25,0.606140350877193,0.5894736842105263,0.6219298245614034,0.008200024427021134,1000
28,0.25,0.6736842105263158,0.6631578947368421,0.6859649122807018,0.0059307841660610925,1000
29,0.25,0.6622807017543859,0.6429824561403509,0.6816008771929825,0.010079623517767753,1000
30,0.25,0.6578947368421053,0.6385964912280702,0.6772149122807017,0.009843727580935829,1000
31,0.25,0.619298245614035,0.6,0.6394736842105263,0.00961958138276885,1000
32,0.25,0.6342105263157894,0.6122587719298246,0.6596491228070175,0.012251004104462504,1000
