layer,chance,control_mean,control_lo,control_hi,control_max,reps
0,0.25,0.25,0.25,0.25,0.25,10
1,0.25,0.2606140350877193,0.21914473684210525,0.3139035087719298,0.31666666666666665,10
2,0.25,0.2556140350877193,0.19622807017543858,0.30521929824561406,0.3087719298245614,10
3,0.25,0.26298245614035093,0.20780701754385966,0.3249561403508772,0.3324561403508772,10
4,0.25,0.24350877192982456,0.19723684210526315,0.29094298245614036,0.2982456140350877,10
5,0.25,0.267280701754386,0.21407894736842104,0.3703289473684211,0.3815789473684211,10
6,0.25,0.24649122807017543,0.16098684210526315,0.29686403508771936,0.29824561403508776,10
7,0.25,0.27114035087719296,0.22765350877192983,0.31028508771929825,0.3140350877192982,10
8,0.25,0.2416666666666667,0.19017543859649125,0.2699780701754386,0.27017543859649124,10
9,0.25,0.2540350877192983,0.22197368421052632,0.28629385964912285,0.2912280701754386,10
10,0.25,0.2480701754385965,0.21541666666666667,0.28157894736842104,0.28157894736842104,10
11,0.25,0.25166666666666665,0.21653508771929825,0.2825,0.28684210526315784,10
12,0.25,0.25087719298245614,0.23655701754385966,0.26361842105263156,0.2657894736842105,10
13,0.25,0.24649122807017543,0.21721491228070175,0.26752192982456147,0.26929824561403515,10
14,0.25,0.24219298245614035,0.22096491228070178,0.27092105263157895,0.2736842105263158,10
15,0.25,0.2530701754385965,0.2237280701754386,0.27026315789473687,0.2710526315789474,10
16,0.25,0.24903508771929825,0.22837719298245615,0.27907894736842104,0.28421052631578947,10
17,0.25,0.25052631578947365,0.21701754385964914,0.27017543859649124,0.27017543859649124,10
18,0.25,0.2636842105263158,0.20907894736842106,0.31631578947368416,0.3210526315789473,10
19,0.25,0.2462280701754386,0.21563596491228068,0.2752192982456141,0.2771929824561404,10
20,0.25,0.24587719298245614,0.21151315789473685,0.28153508771929825,0.2850877192982456,10
21,0.25,0.25184210526315787,0.20076754385964912,0.3037938596491228,0.31228070175438594,10
22,0.25,0.24499999999999997,0.19774122807017544,0.3201973684210526,0.33421052631578946,10
23,0.25,0.23982456140350875,0.2119956140350877,0.2750877192982456,0.27982456140350875,10
24,0.25,0.24438596491228073,0.21396929824561403,0.26364035087719295,0.26403508771929823,10
25,0.25,0.25473684210526315,0.20703947368421055,0.3178947368421053,0.32105263157894737,10
26,0.25,0.23798245614035088,0.19800438596491227,0.2690789473684211,0.2710526315789474,10
27,0.25,0.23842105263157895,0.2125877192982456,0.2627631578947368,0.2631578947368421,10
28,0.25,0.2302631578947368,0.17550438596491227,0.2698684210526316,0.2710526315789474,10
29,0.25,0.2519298245614035,0.1825877192982456,0.3118640350877193,0.3140350877192983,10
30,0.25,0.24912280701754383,0.20355263157894737,0.3013157894736842,0.30526315789473685,10
31,0.25,0.2654385964912281,0.19508771929824562,0.35991228070175446,0.37017543859649127,10
32,0.25,0.2543859649122807,0.17578947368421052,0.3285526315789474,0.32894736842105265,10
