layer,chance,label_to_name,boot_lo,boot_hi,nameboot_lo,nameboot_hi,control_mean,control_lo,control_hi,n_names,n_rows
0,0.25,0.25,0.25,0.25,0.25,0.25,0.25,0.25,0.25,562,53390
1,0.25,0.2946755355361204,0.28853883459721613,0.2999369386528338,0.2816448605931657,0.3098256102023701,0.24960902976520885,0.23866455005657658,0.2583323229922209,562,53390
2,0.25,0.2681433107924982,0.2651739712226522,0.27108967336214085,0.2592393685048072,0.27676978746395864,0.2587698196644662,0.2427066535681182,0.2736407083144102,562,53390
3,0.25,0.290785923025255,0.2845653146086187,0.29753975694648643,0.2792449735186034,0.30226655761845383,0.24751350862901816,0.2248076858139192,0.2638884875558731,562,53390
4,0.25,0.37670056328690726,0.3642853369293952,0.3881064512848959,0.3627766341116559,0.3911097542873494,0.26357951699149973,0.24915951855467502,0.27768721315702843,562,53390
5,0.25,0.4542290466540778,0.44078462180201977,0.46824804827580885,0.4373660581277257,0.46932093070945885,0.2475682956444955,0.2306258934349549,0.260203522158831,562,53390
6,0.25,0.3443529346148841,0.3368493624559456,0.3525943999436953,0.33154095543592615,0.35863518760547236,0.25587701212965797,0.23227262424239434,0.2857873319064933,562,53390
7,0.25,0.3780264419437856,0.3719611882939422,0.3843258844745208,0.3625617024728515,0.3919570480125882,0.25119044014638703,0.22945912018528433,0.2748041523865677,562,53390
8,0.25,0.3075695116582393,0.30099780867746906,0.31408422039733735,0.29642141493198293,0.3195818060928115,0.24414318141318883,0.21845762615778988,0.25837167128094246,562,53390
9,0.25,0.25174025288785873,0.25106469180469976,0.25248365274087475,0.25072265923124953,0.2530011534728762,0.24916437344053985,0.23191472540790845,0.2696185564709068,562,53390
10,0.25,0.26607802875003017,0.2614396410742251,0.27074260245658804,0.26275329834133987,0.2694905756758195,0.24860633948498437,0.23966770732907863,0.26686586479950697,562,53390
11,0.25,0.25133981570467523,0.25078386756364596,0.25197495618746113,0.2505049637716218,0.25239502863036545,0.24300569382784815,0.22224391227981646,0.25630282846187985,562,53390
12,0.25,0.2555554817811041,0.25329472647784873,0.25842559418680927,0.25320772193929136,0.2588213410662413,0.25072911564372913,0.22657197441805554,0.27428440579042607,562,53390
13,0.25,0.2522678877645241,0.25094404243691937,0.25378846552471407,0.2513693327253716,0.25351480059223147,0.25138711060843305,0.23772839748106198,0.26774175308078946,562,53390
14,0.25,0.25,0.25,0.25,0.25,0.25,0.24849408680909013,0.23499460935352967,0.26351680059259014,562,53390
15,0.25,0.32110824065259785,0.3039948334276171,0.33898512065221337,0.3144367303186197,0.32799797039672063,0.2506136917203439,0.23416890962077444,0.26868000854434615,562,53390
16,0.25,0.4958506740181432,0.4808879326982238,0.5104469658338711,0.48620983900121767,0.504193196138513,0.24844432889257512,0.22157463820271273,0.2886087183948669,562,53390
17,0.25,0.4771413319087698,0.44239431430420423,0.506299561096818,0.4658109214395669,0.48863488599397936,0.2541912926839479,0.22705924513180312,0.2767511636549617,562,53390
18,0.25,0.5276107650667771,0.5188867781491372,0.5344889597903524,0.5188482808472011,0.5364370998568168,0.24366819620075061,0.21697047359909588,0.2597092641086999,562,53390
19,0.25,0.5340843972979327,0.524125612607236,0.5421724283143141,0.5238713995392169,0.5443523915832935,0.23829638371550818,0.20924740400352448,0.26034347044884254,562,53390
20,0.25,0.555461741855269,0.5504794518339043,0.5608940986087867,0.5434915940306904,0.5679664667600254,0.23640204361132433,0.1965051325518216,0.2584427380519219,562,53390
21,0.25,0.5457991499412608,0.5398356557109077,0.5521530536678781,0.5337012675568381,0.558531701995553,0.2473091803789132,0.22163943598968153,0.26425231817243067,562,53390
22,0.25,0.5565812649401168,0.5484027649989889,0.5642985877167056,0.5450418208496584,0.5682156486065614,0.24971235235993303,0.22806224826839772,0.29418716310633275,562,53390
23,0.25,0.5600122195785675,0.550378184542701,0.5689648406351703,0.5457555191219683,0.5743742948971579,0.24762820092062926,0.23644094830480855,0.25717236950553707,562,53390
24,0.25,0.5517109939404194,0.5418993728391727,0.560974518030455,0.5404496113834424,0.5637766138254574,0.25345543300143686,0.21787720202509606,0.28835390296779445,562,53390
25,0.25,0.5537724565741446,0.5466926048152627,0.5607506810751964,0.5416169350976037,0.5661339225980727,0.25270144440679837,0.2139570329795827,0.2764667430674886,562,53390
26,0.25,0.5440698304271048,0.5372462613110461,0.5508856718801596,0.5328173113572053,0.5553816827457265,0.2564166446291841,0.22230783251968544,0.29338503652404463,562,53390
27,0.25,0.5339119231696843,0.5255729269621549,0.5407544247597346,0.5209831178733565,0.5460304732741572,0.2520934887554456,0.23189471667006237,0.2704381492599643,562,53390
28,0.25,0.5401249756070046,0.5342759819073849,0.5457508394794829,0.5259813604746243,0.5538888415688579,0.24936652133942872,0.2300239825986726,0.27721259360238915,562,53390
29,0.25,0.5359991857829971,0.5286062805181193,0.5426445146650751,0.5217550465440166,0.5494998753586985,0.24857368290788026,0.2410818271330544,0.2617263463510671,562,53390
30,0.25,0.5277217682142481,0.5186573421872793,0.5365286154339778,0.5121069913154865,0.5409593835300005,0.2530633302234241,0.23033284250136873,0.2699257940734159,562,53390
31,0.25,0.5154790961356563,0.5060408676103135,0.526221214684539,0.502791534255852,0.5291515992393966,0.24638728766711654,0.20005653847365046,0.29025303788436124,562,53390
32,0.25,0.5044687651408888,0.49243636068270286,0.5173349645496897,0.4914150144865452,0.5183753442915248,0.2452895858002983,0.21345310056945868,0.2711916112631076,562,53390
