layer,chance,label_to_name,name_to_label
0,0.25,0.25,0.25
1,0.25,0.26052631578947366,0.2763157894736842
2,0.25,0.24912280701754386,0.29736842105263156
3,0.25,0.2894736842105263,0.3789473684210526
4,0.25,0.3526315789473684,0.3894736842105263
5,0.25,0.3254385964912281,0.29736842105263156
6,0.25,0.32280701754385965,0.3131578947368421
7,0.25,0.4964912280701754,0.3315789473684211
8,0.25,0.4719298245614035,0.46578947368421053
9,0.25,0.48859649122807014,0.2578947368421053
10,0.25,0.3394736842105263,0.25
11,0.25,0.3280701754385965,0.25263157894736843
12,0.25,0.3394736842105263,0.25526315789473686
13,0.25,0.2807017543859649,0.5368421052631579
14,0.25,0.32456140350877194,0.5368421052631579
15,0.25,0.27456140350877195,0.5894736842105264
16,0.25,0.4473684210526316,0.4421052631578947
17,0.25,0.41929824561403506,0.4473684210526316
18,0.25,0.4982456140350877,0.6815789473684211
19,0.25,0.6324561403508772,0.7605263157894737
20,0.25,0.3157894736842105,0.9236842105263158
21,0.25,0.31228070175438594,0.7473684210526316
22,0.25,0.2921052631578947,0.7342105263157894
23,0.25,0.27280701754385966,0.7605263157894737
24,0.25,0.26842105263157895,0.9078947368421053
25,0.25,0.2789473684210526,0.8289473684210525
26,0.25,0.27807017543859647,0.8657894736842106
27,0.25,0.2912280701754386,0.9078947368421053
28,0.25,0.2885964912280702,0.7289473684210526
29,0.25,0.3368421052631579,0.7263157894736841
30,0.25,0.5096491228070175,0.718421052631579
31,0.25,0.5219298245614035,0.7157894736842104
32,0.25,0.49298245614035086,0.6105263157894736
33,0.25,0.49298245614035086,0.9342105263157895
34,0.25,0.519298245614035,0.9184210526315789
35,0.25,0.5078947368421053,0.8342105263157895
36,0.25,0.2719298245614035,0.3
37,0.25,0.27894736842105267,0.3078947368421053
38,0.25,0.2912280701754386,0.3131578947368421
39,0.25,0.28771929824561404,0.31315789473684214
40,0.25,0.3131578947368421,0.4789473684210527
41,0.25,0.27807017543859647,0.45263157894736844
42,0.25,0.30175438596491233,0.4394736842105263
43,0.25,0.2754385964912281,0.45000000000000007
44,0.25,0.25,0.4763157894736842
45,0.25,0.25087719298245614,0.5763157894736842
46,0.25,0.25087719298245614,0.5894736842105263
47,0.25,0.2543859649122807,0.5842105263157895
48,0.25,0.2868421052631579,0.3710526315789474
49,0.25,0.25,0.3815789473684211
50,0.25,0.3649122807017544,0.4184210526315789
51,0.25,0.4105263157894737,0.45789473684210524
52,0.25,0.5131578947368421,0.26842105263157895
53,0.25,0.5096491228070175,0.2868421052631579
54,0.25,0.5157894736842106,0.2631578947368421
55,0.25,0.5175438596491229,0.29210526315789476
56,0.25,0.4912280701754386,0.2657894736842105
57,0.25,0.5087719298245614,0.28157894736842104
58,0.25,0.5149122807017543,0.3026315789473684
59,0.25,0.5263157894736842,0.26842105263157895
60,0.25,0.5263157894736842,0.2710526315789474
61,0.25,0.5280701754385966,0.2789473684210526
62,0.25,0.5526315789473684,0.3131578947368421
63,0.25,0.5578947368421052,0.3605263157894737
64,0.25,0.5947368421052632,0.35526315789473684
