cue_family,cue_group,proj_shift,stance_mean,stance_shift
explicit_demographic,black_man,-12.430265426635742,0.476950998185118,0.031578947368421095
explicit_demographic,black_woman,-9.548835754394531,0.5361161524500907,0.0907441016333938
explicit_demographic,white_man,-13.379769325256348,0.37858439201451904,-0.06678765880217785
explicit_demographic,white_woman,-11.452921867370605,0.4337568058076225,-0.011615245009074404
explicit_political,democrat,-14.761626243591309,0.5778584392014519,0.13248638838475496
explicit_political,independent,-23.098857879638672,0.3793103448275862,-0.06606170598911071
explicit_political,republican,-48.083885192871094,-0.1909255898366606,-0.6362976406533575
implicit_demographic,black_man,-13.958049774169922,0.4691729323308271,0.02380088151413018
implicit_demographic,black_woman,-10.18211841583252,0.4406015037593985,-0.004770547057298402
implicit_demographic,white_man,-16.1220703125,0.45112781954887216,0.005755768732175259
implicit_demographic,white_woman,-10.247653007507324,0.4616541353383459,0.016282084521648976
implicit_political,blue_state,-9.32796573638916,0.4421052631578947,-0.0032667876588021727
implicit_political,red_state,-14.211408615112305,0.37894736842105264,-0.06642468239564425
implicit_political,swing_state,-11.876477241516113,0.40601503759398494,-0.039357013222711956
