layer,subset,n,chance,bal_acc,control_acc,selectivity
0,explicit_demographic,380,0.25,0.25,0.25,0.0
0,name,1140,0.25,0.25,0.25,0.0
0,explicit_political,285,0.3333333333333333,0.3333333333333333,0.3333333333333333,0.0
0,state,855,0.3333333333333333,0.3333333333333333,0.3333333333333333,0.0
1,explicit_demographic,380,0.25,0.5684210526315789,0.25789473684210523,0.3105263157894737
1,name,1140,0.25,0.6719298245614035,0.2307017543859649,0.4412280701754386
1,explicit_political,285,0.3333333333333333,0.8982456140350877,0.31578947368421056,0.5824561403508772
1,state,855,0.3333333333333333,0.7309941520467836,0.3450292397660819,0.38596491228070173
2,explicit_demographic,380,0.25,0.781578947368421,0.26842105263157895,0.513157894736842
2,name,1140,0.25,0.7614035087719299,0.27543859649122804,0.4859649122807018
2,explicit_political,285,0.3333333333333333,0.9754385964912281,0.28070175438596495,0.6947368421052631
2,state,855,0.3333333333333333,0.7461988304093566,0.32631578947368417,0.41988304093567247
3,explicit_demographic,380,0.25,0.7447368421052631,0.2473684210526316,0.49736842105263157
3,name,1140,0.25,0.8157894736842105,0.26491228070175443,0.5508771929824561
3,explicit_political,285,0.3333333333333333,0.9614035087719298,0.39999999999999997,0.5614035087719298
3,state,855,0.3333333333333333,0.6526315789473683,0.33918128654970764,0.3134502923976607
4,explicit_demographic,380,0.25,0.8210526315789474,0.26842105263157895,0.5526315789473684
4,name,1140,0.25,0.9026315789473685,0.24912280701754386,0.6535087719298246
4,explicit_political,285,0.3333333333333333,0.9859649122807017,0.343859649122807,0.6421052631578947
4,state,855,0.3333333333333333,0.9964912280701754,0.34970760233918124,0.6467836257309942
5,explicit_demographic,380,0.25,0.7736842105263158,0.2236842105263158,0.5499999999999999
5,name,1140,0.25,0.8578947368421053,0.25,0.6078947368421053
5,explicit_political,285,0.3333333333333333,0.9684210526315788,0.3087719298245614,0.6596491228070174
5,state,855,0.3333333333333333,0.9953216374269006,0.319298245614035,0.6760233918128655
6,explicit_demographic,380,0.25,0.7631578947368421,0.2578947368421053,0.5052631578947369
6,name,1140,0.25,0.8666666666666667,0.24035087719298243,0.6263157894736843
6,explicit_political,285,0.3333333333333333,0.9614035087719298,0.3649122807017544,0.5964912280701754
6,state,855,0.3333333333333333,0.9894736842105263,0.34385964912280703,0.6456140350877193
7,explicit_demographic,380,0.25,0.8342105263157894,0.2578947368421053,0.5763157894736841
7,name,1140,0.25,0.8605263157894736,0.24035087719298248,0.620175438596491
7,explicit_political,285,0.3333333333333333,0.9649122807017543,0.34385964912280703,0.6210526315789473
7,state,855,0.3333333333333333,0.9929824561403509,0.3216374269005848,0.671345029239766
8,explicit_demographic,380,0.25,0.8894736842105263,0.2368421052631579,0.6526315789473685
8,name,1140,0.25,0.8719298245614034,0.2421052631578947,0.6298245614035087
8,explicit_political,285,0.3333333333333333,0.9824561403508771,0.3368421052631579,0.6456140350877193
8,state,855,0.3333333333333333,0.9824561403508771,0.3426900584795322,0.6397660818713449
9,explicit_demographic,380,0.25,0.9026315789473685,0.22105263157894736,0.6815789473684211
9,name,1140,0.25,0.8956140350877193,0.2412280701754386,0.6543859649122807
9,explicit_political,285,0.3333333333333333,0.9929824561403509,0.3508771929824561,0.6421052631578947
9,state,855,0.3333333333333333,0.9894736842105263,0.33801169590643276,0.6514619883040935
10,explicit_demographic,380,0.25,0.9447368421052631,0.2921052631578947,0.6526315789473685
10,name,1140,0.25,0.8736842105263157,0.25526315789473686,0.6184210526315789
10,explicit_political,285,0.3333333333333333,0.9894736842105263,0.319298245614035,0.6701754385964913
10,state,855,0.3333333333333333,0.912280701754386,0.34970760233918136,0.5625730994152047
11,explicit_demographic,380,0.25,0.9526315789473684,0.2710526315789474,0.6815789473684211
11,name,1140,0.25,0.8412280701754385,0.2596491228070175,0.581578947368421
11,explicit_political,285,0.3333333333333333,0.9964912280701754,0.3684210526315789,0.6280701754385964
11,state,855,0.3333333333333333,0.8935672514619882,0.3345029239766082,0.55906432748538
12,explicit_demographic,380,0.25,0.9526315789473684,0.2657894736842105,0.6868421052631579
12,name,1140,0.25,0.880701754385965,0.2657894736842105,0.6149122807017544
12,explicit_political,285,0.3333333333333333,1.0,0.30526315789473685,0.6947368421052631
12,state,855,0.3333333333333333,0.872514619883041,0.34385964912280703,0.5286549707602339
13,explicit_demographic,380,0.25,0.9631578947368421,0.24210526315789474,0.7210526315789474
13,name,1140,0.25,0.9956140350877193,0.25614035087719295,0.7394736842105263
13,explicit_political,285,0.3333333333333333,1.0,0.3824561403508772,0.6175438596491227
13,state,855,0.3333333333333333,0.9415204678362573,0.312280701754386,0.6292397660818714
14,explicit_demographic,380,0.25,0.9657894736842105,0.24473684210526314,0.7210526315789474
14,name,1140,0.25,0.987719298245614,0.21403508771929824,0.7736842105263158
14,explicit_political,285,0.3333333333333333,0.9964912280701754,0.29122807017543856,0.7052631578947368
14,state,855,0.3333333333333333,0.831578947368421,0.34035087719298246,0.4912280701754385
15,explicit_demographic,380,0.25,0.9631578947368421,0.2657894736842105,0.6973684210526316
15,name,1140,0.25,0.9885964912280701,0.25,0.7385964912280701
15,explicit_political,285,0.3333333333333333,1.0,0.36491228070175435,0.6350877192982456
15,state,855,0.3333333333333333,0.8619883040935673,0.3485380116959064,0.5134502923976609
16,explicit_demographic,380,0.25,0.9947368421052631,0.25789473684210523,0.736842105263158
16,name,1140,0.25,0.9973684210526316,0.2517543859649123,0.7456140350877193
16,explicit_political,285,0.3333333333333333,1.0,0.35438596491228075,0.6456140350877193
16,state,855,0.3333333333333333,0.8865497076023393,0.33567251461988307,0.5508771929824563
17,explicit_demographic,380,0.25,0.986842105263158,0.26052631578947366,0.7263157894736842
17,name,1140,0.25,1.0,0.25087719298245614,0.7491228070175439
17,explicit_political,285,0.3333333333333333,1.0,0.35789473684210527,0.6421052631578947
17,state,855,0.3333333333333333,0.887719298245614,0.32982456140350874,0.5578947368421052
18,explicit_demographic,380,0.25,0.9447368421052632,0.24736842105263157,0.6973684210526316
18,name,1140,0.25,0.9771929824561404,0.25263157894736843,0.724561403508772
18,explicit_political,285,0.3333333333333333,1.0,0.29122807017543856,0.7087719298245614
18,state,855,0.3333333333333333,0.9286549707602338,0.30526315789473685,0.6233918128654969
19,explicit_demographic,380,0.25,0.9526315789473684,0.21842105263157893,0.7342105263157894
19,name,1140,0.25,0.969298245614035,0.26052631578947366,0.7087719298245614
19,explicit_political,285,0.3333333333333333,1.0,0.2736842105263158,0.7263157894736842
19,state,855,0.3333333333333333,0.9251461988304093,0.32514619883040935,0.5999999999999999
20,explicit_demographic,380,0.25,0.981578947368421,0.29473684210526313,0.6868421052631579
20,name,1140,0.25,0.981578947368421,0.26666666666666666,0.7149122807017543
20,explicit_political,285,0.3333333333333333,1.0,0.3087719298245614,0.6912280701754385
20,state,855,0.3333333333333333,0.9228070175438597,0.3192982456140351,0.6035087719298247
21,explicit_demographic,380,0.25,0.9868421052631579,0.2789473684210526,0.7078947368421052
21,name,1140,0.25,0.987719298245614,0.24561403508771928,0.7421052631578947
21,explicit_political,285,0.3333333333333333,1.0,0.3368421052631579,0.6631578947368422
21,state,855,0.3333333333333333,0.9461988304093567,0.34736842105263155,0.5988304093567252
22,explicit_demographic,380,0.25,0.9789473684210526,0.24736842105263157,0.731578947368421
22,name,1140,0.25,0.9780701754385964,0.2517543859649123,0.7263157894736841
22,explicit_political,285,0.3333333333333333,1.0,0.3157894736842105,0.6842105263157895
22,state,855,0.3333333333333333,0.912280701754386,0.3274853801169591,0.5847953216374269
23,explicit_demographic,380,0.25,0.9763157894736841,0.20789473684210524,0.7684210526315789
23,name,1140,0.25,0.9543859649122807,0.2517543859649123,0.7026315789473684
23,explicit_political,285,0.3333333333333333,1.0,0.2771929824561404,0.7228070175438597
23,state,855,0.3333333333333333,0.9169590643274854,0.34736842105263155,0.5695906432748539
24,explicit_demographic,380,0.25,0.9973684210526316,0.2210526315789474,0.7763157894736842
24,name,1140,0.25,0.9929824561403509,0.24649122807017543,0.7464912280701754
24,explicit_political,285,0.3333333333333333,1.0,0.3368421052631579,0.6631578947368422
24,state,855,0.3333333333333333,0.9333333333333332,0.3450292397660819,0.5883040935672513
25,explicit_demographic,380,0.25,0.9894736842105263,0.23421052631578948,0.7552631578947369
25,name,1140,0.25,0.9719298245614035,0.2412280701754386,0.730701754385965
25,explicit_political,285,0.3333333333333333,1.0,0.32631578947368417,0.6736842105263159
25,state,855,0.3333333333333333,0.9333333333333332,0.34152046783625734,0.5918128654970759
26,explicit_demographic,380,0.25,0.9973684210526316,0.2605263157894737,0.7368421052631579
26,name,1140,0.25,0.9789473684210526,0.2482456140350877,0.7307017543859649
26,explicit_political,285,0.3333333333333333,1.0,0.312280701754386,0.687719298245614
26,state,855,0.3333333333333333,0.887719298245614,0.312280701754386,0.5754385964912281
27,explicit_demographic,380,0.25,0.9973684210526316,0.22105263157894736,0.7763157894736842
27,name,1140,0.25,0.9859649122807017,0.24210526315789477,0.7438596491228069
27,explicit_political,285,0.3333333333333333,1.0,0.31929824561403514,0.6807017543859648
27,state,855,0.3333333333333333,0.9239766081871345,0.33801169590643276,0.5859649122807017
28,explicit_demographic,380,0.25,1.0,0.2263157894736842,0.7736842105263158
28,name,1140,0.25,0.9798245614035087,0.25526315789473686,0.7245614035087719
28,explicit_political,285,0.3333333333333333,1.0,0.34736842105263155,0.6526315789473685
28,state,855,0.3333333333333333,0.919298245614035,0.3461988304093568,0.5730994152046782
29,explicit_demographic,380,0.25,0.9973684210526316,0.21052631578947367,0.7868421052631579
29,name,1140,0.25,0.969298245614035,0.25263157894736843,0.7166666666666666
29,explicit_political,285,0.3333333333333333,1.0,0.27368421052631575,0.7263157894736842
29,state,855,0.3333333333333333,0.9064327485380117,0.31228070175438594,0.5941520467836258
30,explicit_demographic,380,0.25,1.0,0.28421052631578947,0.7157894736842105
30,name,1140,0.25,0.9552631578947368,0.22017543859649125,0.7350877192982456
30,explicit_political,285,0.3333333333333333,1.0,0.3508771929824561,0.6491228070175439
30,state,855,0.3333333333333333,0.8842105263157894,0.3087719298245614,0.5754385964912281
31,explicit_demographic,380,0.25,1.0,0.2368421052631579,0.763157894736842
31,name,1140,0.25,0.9526315789473684,0.2280701754385965,0.7245614035087719
31,explicit_political,285,0.3333333333333333,1.0,0.3017543859649123,0.6982456140350877
31,state,855,0.3333333333333333,0.8982456140350877,0.33567251461988307,0.5625730994152047
32,explicit_demographic,380,0.25,1.0,0.2710526315789474,0.7289473684210526
32,name,1140,0.25,0.975438596491228,0.25877192982456143,0.7166666666666666
32,explicit_political,285,0.3333333333333333,1.0,0.32631578947368417,0.6736842105263159
32,state,855,0.3333333333333333,0.8982456140350877,0.3461988304093567,0.552046783625731
33,explicit_demographic,380,0.25,1.0,0.2605263157894737,0.7394736842105263
33,name,1140,0.25,0.9728070175438596,0.2605263157894737,0.7122807017543858
33,explicit_political,285,0.3333333333333333,1.0,0.3017543859649123,0.6982456140350877
33,state,855,0.3333333333333333,0.8935672514619885,0.32631578947368417,0.5672514619883042
34,explicit_demographic,380,0.25,0.9973684210526316,0.2763157894736842,0.7210526315789474
34,name,1140,0.25,0.9421052631578947,0.2412280701754386,0.7008771929824561
34,explicit_political,285,0.3333333333333333,1.0,0.3543859649122807,0.6456140350877193
34,state,855,0.3333333333333333,0.823391812865497,0.37543859649122807,0.44795321637426894
35,explicit_demographic,380,0.25,0.9921052631578947,0.2236842105263158,0.7684210526315789
35,name,1140,0.25,0.9096491228070176,0.243859649122807,0.6657894736842106
35,explicit_political,285,0.3333333333333333,1.0,0.36140350877192984,0.6385964912280702
35,state,855,0.3333333333333333,0.8257309941520466,0.3345029239766082,0.49122807017543846
36,explicit_demographic,380,0.25,0.9842105263157894,0.25263157894736843,0.731578947368421
36,name,1140,0.25,0.9929824561403509,0.24912280701754388,0.743859649122807
36,explicit_political,285,0.3333333333333333,1.0,0.3473684210526316,0.6526315789473685
36,state,855,0.3333333333333333,0.8666666666666667,0.312280701754386,0.5543859649122806
37,explicit_demographic,380,0.25,0.9868421052631579,0.24473684210526314,0.7421052631578947
37,name,1140,0.25,0.9842105263157894,0.24122807017543857,0.7429824561403509
37,explicit_political,285,0.3333333333333333,1.0,0.3228070175438596,0.6771929824561405
37,state,855,0.3333333333333333,0.8947368421052632,0.35555555555555557,0.5391812865497077
38,explicit_demographic,380,0.25,0.9868421052631579,0.25263157894736843,0.7342105263157894
38,name,1140,0.25,0.981578947368421,0.25,0.731578947368421
38,explicit_political,285,0.3333333333333333,1.0,0.29473684210526313,0.7052631578947368
38,state,855,0.3333333333333333,0.8783625730994151,0.34385964912280703,0.5345029239766081
39,explicit_demographic,380,0.25,0.9842105263157894,0.28157894736842104,0.7026315789473684
39,name,1140,0.25,0.9859649122807017,0.262280701754386,0.7236842105263157
39,explicit_political,285,0.3333333333333333,1.0,0.3263157894736842,0.6736842105263158
39,state,855,0.3333333333333333,0.8549707602339182,0.31578947368421056,0.5391812865497077
40,explicit_demographic,380,0.25,0.9842105263157894,0.24210526315789474,0.7421052631578947
40,name,1140,0.25,0.9912280701754386,0.24385964912280703,0.7473684210526316
40,explicit_political,285,0.3333333333333333,1.0,0.3263157894736842,0.6736842105263158
40,state,855,0.3333333333333333,0.8771929824561403,0.3321637426900585,0.5450292397660819
41,explicit_demographic,380,0.25,0.9842105263157894,0.2578947368421053,0.7263157894736841
41,name,1140,0.25,0.9850877192982456,0.24561403508771928,0.7394736842105263
41,explicit_political,285,0.3333333333333333,1.0,0.3368421052631579,0.6631578947368422
41,state,855,0.3333333333333333,0.8678362573099415,0.3368421052631579,0.5309941520467836
42,explicit_demographic,380,0.25,0.981578947368421,0.23157894736842105,0.75
42,name,1140,0.25,0.9921052631578947,0.22368421052631582,0.7684210526315789
42,explicit_political,285,0.3333333333333333,1.0,0.3719298245614035,0.6280701754385964
42,state,855,0.3333333333333333,0.8549707602339182,0.30526315789473685,0.5497076023391814
43,explicit_demographic,380,0.25,0.9842105263157894,0.2631578947368421,0.7210526315789474
43,name,1140,0.25,0.9921052631578947,0.27192982456140347,0.7201754385964912
43,explicit_political,285,0.3333333333333333,1.0,0.2807017543859649,0.7192982456140351
43,state,855,0.3333333333333333,0.8467836257309941,0.33801169590643276,0.5087719298245613
44,explicit_demographic,380,0.25,0.9736842105263157,0.23947368421052628,0.7342105263157894
44,name,1140,0.25,0.9947368421052631,0.24912280701754386,0.7456140350877193
44,explicit_political,285,0.3333333333333333,1.0,0.28771929824561404,0.712280701754386
44,state,855,0.3333333333333333,0.8526315789473684,0.36725146198830405,0.48538011695906436
45,explicit_demographic,380,0.25,0.9605263157894737,0.25526315789473686,0.7052631578947368
45,name,1140,0.25,0.9921052631578947,0.2692982456140351,0.7228070175438597
45,explicit_political,285,0.3333333333333333,1.0,0.3508771929824562,0.6491228070175439
45,state,855,0.3333333333333333,0.8421052631578948,0.3660818713450293,0.4760233918128655
46,explicit_demographic,380,0.25,0.9473684210526315,0.23421052631578948,0.713157894736842
46,name,1140,0.25,0.981578947368421,0.25701754385964914,0.7245614035087719
46,explicit_political,285,0.3333333333333333,1.0,0.3964912280701755,0.6035087719298244
46,state,855,0.3333333333333333,0.8245614035087719,0.3263157894736842,0.4982456140350877
47,explicit_demographic,380,0.25,0.9447368421052631,0.24473684210526314,0.7
47,name,1140,0.25,0.975438596491228,0.256140350877193,0.719298245614035
47,explicit_political,285,0.3333333333333333,1.0,0.34385964912280703,0.656140350877193
47,state,855,0.3333333333333333,0.8210526315789474,0.3239766081871345,0.4970760233918129
48,explicit_demographic,380,0.25,0.9368421052631578,0.27631578947368424,0.6605263157894736
48,name,1140,0.25,0.9807017543859649,0.23421052631578948,0.7464912280701754
48,explicit_political,285,0.3333333333333333,1.0,0.3649122807017544,0.6350877192982456
48,state,855,0.3333333333333333,0.816374269005848,0.3450292397660819,0.47134502923976607
49,explicit_demographic,380,0.25,0.95,0.2710526315789473,0.6789473684210526
49,name,1140,0.25,0.9859649122807017,0.2535087719298246,0.7324561403508771
49,explicit_political,285,0.3333333333333333,1.0,0.312280701754386,0.687719298245614
49,state,855,0.3333333333333333,0.7906432748538011,0.3274853801169591,0.46315789473684205
50,explicit_demographic,380,0.25,0.9289473684210525,0.27368421052631575,0.6552631578947368
50,name,1140,0.25,0.9921052631578947,0.25701754385964914,0.7350877192982456
50,explicit_political,285,0.3333333333333333,1.0,0.28070175438596495,0.7192982456140351
50,state,855,0.3333333333333333,0.7567251461988304,0.3228070175438596,0.43391812865497076
51,explicit_demographic,380,0.25,0.9289473684210525,0.2578947368421053,0.6710526315789472
51,name,1140,0.25,0.9850877192982456,0.22456140350877193,0.7605263157894736
51,explicit_political,285,0.3333333333333333,1.0,0.34035087719298246,0.6596491228070176
51,state,855,0.3333333333333333,0.7485380116959064,0.37543859649122807,0.3730994152046783
52,explicit_demographic,380,0.25,0.8631578947368421,0.25526315789473686,0.6078947368421053
52,name,1140,0.25,0.9991228070175439,0.256140350877193,0.7429824561403509
52,explicit_political,285,0.3333333333333333,1.0,0.3614035087719298,0.6385964912280702
52,state,855,0.3333333333333333,0.7239766081871345,0.30526315789473685,0.41871345029239765
53,explicit_demographic,380,0.25,0.8421052631578947,0.2710526315789474,0.5710526315789473
53,name,1140,0.25,0.9991228070175439,0.2649122807017544,0.7342105263157894
53,explicit_political,285,0.3333333333333333,1.0,0.39298245614035093,0.607017543859649
53,state,855,0.3333333333333333,0.7532163742690058,0.3286549707602339,0.42456140350877186
54,explicit_demographic,380,0.25,0.8157894736842106,0.2657894736842105,0.55
54,name,1140,0.25,0.9956140350877193,0.23947368421052634,0.7561403508771929
54,explicit_political,285,0.3333333333333333,0.9964912280701754,0.38947368421052636,0.607017543859649
54,state,855,0.3333333333333333,0.7192982456140351,0.3286549707602339,0.3906432748538012
55,explicit_demographic,380,0.25,0.7947368421052632,0.2894736842105263,0.5052631578947369
55,name,1140,0.25,0.993859649122807,0.25701754385964914,0.7368421052631579
55,explicit_political,285,0.3333333333333333,0.9859649122807017,0.34385964912280703,0.6421052631578947
55,state,855,0.3333333333333333,0.7017543859649122,0.3146198830409357,0.38713450292397655
56,explicit_demographic,380,0.25,0.7921052631578946,0.2710526315789474,0.5210526315789472
56,name,1140,0.25,1.0,0.23684210526315788,0.7631578947368421
56,explicit_political,285,0.3333333333333333,0.9894736842105263,0.35789473684210527,0.631578947368421
56,state,855,0.3333333333333333,0.712280701754386,0.32514619883040935,0.3871345029239766
57,explicit_demographic,380,0.25,0.7684210526315789,0.3315789473684211,0.4368421052631578
57,name,1140,0.25,1.0,0.24736842105263157,0.7526315789473684
57,explicit_political,285,0.3333333333333333,0.9824561403508771,0.3228070175438597,0.6596491228070174
57,state,855,0.3333333333333333,0.7368421052631579,0.3707602339181286,0.36608187134502923
58,explicit_demographic,380,0.25,0.7684210526315789,0.25263157894736843,0.5157894736842105
58,name,1140,0.25,1.0,0.2587719298245614,0.7412280701754386
58,explicit_political,285,0.3333333333333333,0.9789473684210526,0.3087719298245614,0.6701754385964911
58,state,855,0.3333333333333333,0.7298245614035088,0.33918128654970764,0.3906432748538012
59,explicit_demographic,380,0.25,0.7710526315789473,0.2710526315789474,0.49999999999999994
59,name,1140,0.25,0.9991228070175439,0.24999999999999997,0.7491228070175439
59,explicit_political,285,0.3333333333333333,0.9789473684210526,0.3368421052631579,0.6421052631578947
59,state,855,0.3333333333333333,0.727485380116959,0.33567251461988307,0.3918128654970759
60,explicit_demographic,380,0.25,0.7526315789473684,0.2394736842105263,0.5131578947368421
60,name,1140,0.25,1.0,0.2517543859649123,0.7482456140350877
60,explicit_political,285,0.3333333333333333,0.9824561403508771,0.3473684210526316,0.6350877192982456
60,state,855,0.3333333333333333,0.7532163742690058,0.32397660818713453,0.42923976608187125
61,explicit_demographic,380,0.25,0.7894736842105263,0.22894736842105262,0.5605263157894738
61,name,1140,0.25,1.0,0.2649122807017544,0.7350877192982457
61,explicit_political,285,0.3333333333333333,0.9859649122807017,0.3157894736842105,0.6701754385964912
61,state,855,0.3333333333333333,0.7590643274853801,0.3508771929824562,0.40818713450292393
62,explicit_demographic,380,0.25,0.7947368421052632,0.24210526315789474,0.5526315789473685
62,name,1140,0.25,1.0,0.2421052631578947,0.7578947368421053
62,explicit_political,285,0.3333333333333333,0.9859649122807017,0.3017543859649123,0.6842105263157894
62,state,855,0.3333333333333333,0.8421052631578947,0.352046783625731,0.4900584795321637
63,explicit_demographic,380,0.25,0.8236842105263158,0.2894736842105263,0.5342105263157895
63,name,1140,0.25,1.0,0.26315789473684204,0.736842105263158
63,explicit_political,285,0.3333333333333333,0.9894736842105263,0.28771929824561404,0.7017543859649122
63,state,855,0.3333333333333333,0.8584795321637427,0.3087719298245614,0.5497076023391814
64,explicit_demographic,380,0.25,0.8105263157894738,0.24736842105263157,0.5631578947368422
64,name,1140,0.25,1.0,0.25263157894736843,0.7473684210526316
64,explicit_political,285,0.3333333333333333,0.9859649122807017,0.3017543859649123,0.6842105263157894
64,state,855,0.3333333333333333,0.8643274853801169,0.3204678362573099,0.543859649122807
